Project:,Project69,,,,,,,,,,
,,,,,,,,,,,
Test:,Test_r1,,,,,,,,,,
,,,,,,,,,,,
Result:,Stress Relaxation Initial,,,,,,,,,,
,,,,,,,,,,,
Interval and data points:,1,500,,,,,,,,,
Interval data:,Point No.,Time,Shear Strain,Complex Viscosity,Shear Stress,Storage Modulus,Loss Modulus,Loss Factor,Torque,Frequency,Status
,,,,Fundamental,,,,,,,
,,[s],[1],[mPa·s],[Pa],[Pa],[Pa],[1],[µN·m],[Hz],
,1,0.1,0.0493,,-373.4,,,,-37.51,,Dy_auto
,2,0.201,0.05,,32.049,,,,3.2195,,Dy_auto
,3,0.302,0.05,,30.52,,,,3.0659,,Dy_auto
,4,0.403,0.05,,28.442,,,,2.8571,,Dy_auto
,5,0.505,0.05,,21.542,,,,2.1641,,Dy_auto
,6,0.607,0.05,,42.437,,,,4.2631,,Dy_auto
,7,0.71,0.05,,25.697,,,,2.5814,,Dy_auto
,8,0.814,0.05,,35.186,,,,3.5346,,Dy_auto
,9,0.917,0.05,,23.956,,,,2.4065,,Dy_auto
,10,1.022,0.05,,29.709,,,,2.9845,,Dy_auto
,11,1.126,0.05,,27.118,,,,2.7241,,Dy_auto
,12,1.231,0.05,,38.714,,,,3.889,,Dy_auto
,13,1.337,0.05,,27.503,,,,2.7628,,Dy_auto
,14,1.443,0.05,,21.482,,,,2.1579,,Dy_auto
,15,1.55,0.05,,29.335,,,,2.9469,,Dy_auto
,16,1.657,0.05,,31.471,,,,3.1614,,Dy_auto
,17,1.765,0.05,,34.119,,,,3.4275,,Dy_auto
,18,1.873,0.05,,30.601,,,,3.074,,Dy_auto
,19,1.982,0.05,,26.211,,,,2.633,,Dy_auto
,20,2.091,0.05,,28.449,,,,2.8578,,Dy_auto
,21,2.201,0.05,,20.485,,,,2.0578,,Dy_auto
,22,2.311,0.05,,25.433,,,,2.5549,,Dy_auto
,23,2.421,0.05,,29.454,,,,2.9588,,Dy_auto
,24,2.533,0.05,,33.889,,,,3.4043,,Dy_auto
,25,2.644,0.05,,30.685,,,,3.0825,,Dy_auto
,26,2.757,0.05,,25.178,,,,2.5292,,Dy_auto
,27,2.869,0.05,,27.277,,,,2.7401,,Dy_auto
,28,2.983,0.05,,31.477,,,,3.1621,,Dy_auto
,29,3.096,0.05,,24.699,,,,2.4811,,Dy_auto
,30,3.211,0.05,,26.368,,,,2.6488,,Dy_auto
,31,3.325,0.05,,24.627,,,,2.474,,Dy_auto
,32,3.441,0.05,,26.272,,,,2.6392,,Dy_auto
,33,3.557,0.05,,29.715,,,,2.985,,Dy_auto
,34,3.673,0.05,,24.885,,,,2.4999,,Dy_auto
,35,3.79,0.05,,28.091,,,,2.8219,,Dy_auto
,36,3.908,0.05,,31.27,,,,3.1413,,Dy_auto
,37,4.026,0.05,,22.635,,,,2.2738,,Dy_auto
,38,4.144,0.05,,24.9,,,,2.5013,,Dy_auto
,39,4.264,0.05,,25.386,,,,2.5502,,Dy_auto
,40,4.383,0.05,,28.358,,,,2.8487,,Dy_auto
,41,4.504,0.05,,26.957,,,,2.708,,Dy_auto
,42,4.624,0.05,,28.879,,,,2.9011,,Dy_auto
,43,4.746,0.05,,26.658,,,,2.678,,Dy_auto
,44,4.868,0.05,,22.711,,,,2.2814,,Dy_auto
,45,4.99,0.05,,24.183,,,,2.4294,,Dy_auto
,46,5.113,0.05,,25.302,,,,2.5417,,Dy_auto
,47,5.237,0.05,,28.237,,,,2.8365,,Dy_auto
,48,5.361,0.05,,31.763,,,,3.1908,,Dy_auto
,49,5.486,0.05,,28.79,,,,2.8921,,Dy_auto
,50,5.611,0.05,,31.543,,,,3.1686,,Dy_auto
,51,5.737,0.05,,27.466,,,,2.7591,,Dy_auto
,52,5.864,0.05,,22.804,,,,2.2908,,Dy_auto
,53,5.991,0.05,,28.534,,,,2.8664,,Dy_auto
,54,6.119,0.05,,28.031,,,,2.8159,,Dy_auto
,55,6.247,0.05,,29.145,,,,2.9278,,Dy_auto
,56,6.376,0.05,,27.454,,,,2.7579,,Dy_auto
,57,6.505,0.05,,25.051,,,,2.5165,,Dy_auto
,58,6.635,0.05,,26.229,,,,2.6348,,Dy_auto
,59,6.766,0.05,,31.485,,,,3.1629,,Dy_auto
,60,6.897,0.05,,24.642,,,,2.4754,,Dy_auto
,61,7.029,0.05,,30.903,,,,3.1044,,Dy_auto
,62,7.162,0.05,,27.973,,,,2.8101,,Dy_auto
,63,7.295,0.05,,32.295,,,,3.2442,,Dy_auto
,64,7.429,0.05,,27.125,,,,2.7249,,Dy_auto
,65,7.563,0.05,,28.052,,,,2.818,,Dy_auto
,66,7.698,0.05,,26.837,,,,2.6959,,Dy_auto
,67,7.834,0.05,,25.44,,,,2.5556,,Dy_auto
,68,7.97,0.05,,24.967,,,,2.5081,,Dy_auto
,69,8.107,0.05,,26.426,,,,2.6546,,Dy_auto
,70,8.244,0.05,,27.078,,,,2.7202,,Dy_auto
,71,8.382,0.05,,27.601,,,,2.7727,,Dy_auto
,72,8.521,0.05,,23.882,,,,2.3991,,Dy_auto
,73,8.66,0.05,,23.335,,,,2.3441,,Dy_auto
,74,8.801,0.05,,25.019,,,,2.5133,,Dy_auto
,75,8.941,0.05,,25.667,,,,2.5784,,Dy_auto
,76,9.083,0.05,,24.34,,,,2.4451,,Dy_auto
,77,9.225,0.05,,26.852,,,,2.6974,,Dy_auto
,78,9.367,0.05,,26.756,,,,2.6877,,Dy_auto
,79,9.511,0.05,,25.443,,,,2.5559,,Dy_auto
,80,9.655,0.05,,30.13,,,,3.0267,,Dy_auto
,81,9.799,0.05,,25.258,,,,2.5373,,Dy_auto
,82,9.945,0.05,,24.29,,,,2.4401,,Dy_auto
,83,10.09,0.05,,25.805,,,,2.5922,,Dy_auto
,84,10.24,0.05,,26.429,,,,2.6549,,Dy_auto
,85,10.39,0.05,,25.844,,,,2.5961,,Dy_auto
,86,10.53,0.05,,28.868,,,,2.8999,,Dy_auto
,87,10.68,0.05,,24.982,,,,2.5096,,Dy_auto
,88,10.83,0.05,,25.381,,,,2.5497,,Dy_auto
,89,10.98,0.05,,27.478,,,,2.7603,,Dy_auto
,90,11.13,0.05,,27.608,,,,2.7734,,Dy_auto
,91,11.28,0.05,,25.486,,,,2.5602,,Dy_auto
,92,11.44,0.05,,25.472,,,,2.5588,,Dy_auto
,93,11.59,0.05,,30.027,,,,3.0164,,Dy_auto
,94,11.74,0.05,,27.574,,,,2.7699,,Dy_auto
,95,11.9,0.05,,27.846,,,,2.7973,,Dy_auto
,96,12.05,0.05,,23.058,,,,2.3163,,Dy_auto
,97,12.21,0.05,,28.668,,,,2.8798,,Dy_auto
,98,12.36,0.05,,24.468,,,,2.4579,,Dy_auto
,99,12.52,0.05,,26.797,,,,2.6919,,Dy_auto
,100,12.68,0.05,,28.168,,,,2.8296,,Dy_auto
,101,12.84,0.05,,26.869,,,,2.6991,,Dy_auto
,102,13,0.05,,26.393,,,,2.6513,,Dy_auto
,103,13.16,0.05,,24.059,,,,2.4168,,Dy_auto
,104,13.32,0.05,,26.316,,,,2.6435,,Dy_auto
,105,13.48,0.05,,28.652,,,,2.8783,,Dy_auto
,106,13.64,0.05,,29.081,,,,2.9214,,Dy_auto
,107,13.8,0.05,,22.444,,,,2.2547,,Dy_auto
,108,13.97,0.05,,29.6,,,,2.9735,,Dy_auto
,109,14.13,0.05,,24.8,,,,2.4913,,Dy_auto
,110,14.3,0.05,,24.416,,,,2.4527,,Dy_auto
,111,14.46,0.05,,14.21,,,,1.4275,,Dy_auto
,112,14.63,0.05,,16.934,,,,1.7011,,Dy_auto
,113,14.8,0.05,,32.385,,,,3.2533,,Dy_auto
,114,14.97,0.05,,37.491,,,,3.7661,,Dy_auto
,115,15.14,0.05,,31.25,,,,3.1392,,Dy_auto
,116,15.31,0.05,,21.12,,,,2.1217,,Dy_auto
,117,15.48,0.05,,23.443,,,,2.355,,Dy_auto
,118,15.65,0.05,,25.748,,,,2.5865,,Dy_auto
,119,15.82,0.05,,24.378,,,,2.4489,,Dy_auto
,120,15.99,0.05,,25.331,,,,2.5446,,Dy_auto
,121,16.17,0.05,,26.047,,,,2.6166,,Dy_auto
,122,16.34,0.05,,26.176,,,,2.6295,,Dy_auto
,123,16.52,0.05,,26.044,,,,2.6163,,Dy_auto
,124,16.7,0.05,,26.165,,,,2.6284,,Dy_auto
,125,16.87,0.05,,23.541,,,,2.3649,,Dy_auto
,126,17.05,0.05,,26.464,,,,2.6585,,Dy_auto
,127,17.23,0.05,,26.167,,,,2.6286,,Dy_auto
,128,17.41,0.05,,25.268,,,,2.5383,,Dy_auto
,129,17.59,0.05,,23.027,,,,2.3131,,Dy_auto
,130,17.77,0.05,,22.642,,,,2.2745,,Dy_auto
,131,17.95,0.05,,26.084,,,,2.6203,,Dy_auto
,132,18.14,0.05,,22.991,,,,2.3096,,Dy_auto
,133,18.32,0.05,,25.419,,,,2.5535,,Dy_auto
,134,18.51,0.05,,23.752,,,,2.386,,Dy_auto
,135,18.69,0.05,,22.892,,,,2.2996,,Dy_auto
,136,18.88,0.05,,24.231,,,,2.4342,,Dy_auto
,137,19.06,0.05,,24.787,,,,2.49,,Dy_auto
,138,19.25,0.05,,25.186,,,,2.5301,,Dy_auto
,139,19.44,0.05,,26.408,,,,2.6528,,Dy_auto
,140,19.63,0.05,,29.065,,,,2.9197,,Dy_auto
,141,19.82,0.05,,24.602,,,,2.4714,,Dy_auto
,142,20.01,0.05,,24.049,,,,2.4158,,Dy_auto
,143,20.21,0.05,,25.431,,,,2.5547,,Dy_auto
,144,20.4,0.05,,25.087,,,,2.5202,,Dy_auto
,145,20.59,0.05,,26.827,,,,2.6949,,Dy_auto
,146,20.79,0.05,,22.848,,,,2.2952,,Dy_auto
,147,20.99,0.05,,26.492,,,,2.6613,,Dy_auto
,148,21.18,0.05,,28.076,,,,2.8204,,Dy_auto
,149,21.38,0.05,,25.565,,,,2.5682,,Dy_auto
,150,21.58,0.05,,26.769,,,,2.6891,,Dy_auto
,151,21.78,0.05,,25.397,,,,2.5512,,Dy_auto
,152,21.98,0.05,,27.051,,,,2.7174,,Dy_auto
,153,22.18,0.05,,25.126,,,,2.524,,Dy_auto
,154,22.38,0.05,,26.37,,,,2.649,,Dy_auto
,155,22.59,0.05,,24.785,,,,2.4898,,Dy_auto
,156,22.79,0.05,,28.673,,,,2.8804,,Dy_auto
,157,23,0.05,,22.988,,,,2.3092,,Dy_auto
,158,23.2,0.05,,26.647,,,,2.6768,,Dy_auto
,159,23.41,0.05,,24.298,,,,2.4408,,Dy_auto
,160,23.62,0.05,,26.629,,,,2.6751,,Dy_auto
,161,23.83,0.05,,26.713,,,,2.6835,,Dy_auto
,162,24.04,0.05,,25.189,,,,2.5304,,Dy_auto
,163,24.25,0.05,,26.931,,,,2.7054,,Dy_auto
,164,24.46,0.05,,24.559,,,,2.467,,Dy_auto
,165,24.68,0.05,,23.107,,,,2.3212,,Dy_auto
,166,24.89,0.05,,24.459,,,,2.4571,,Dy_auto
,167,25.1,0.05,,25.869,,,,2.5986,,Dy_auto
,168,25.32,0.05,,25.737,,,,2.5854,,Dy_auto
,169,25.54,0.05,,25.69,,,,2.5807,,Dy_auto
,170,25.76,0.05,,26.234,,,,2.6353,,Dy_auto
,171,25.98,0.05,,24.661,,,,2.4774,,Dy_auto
,172,26.2,0.05,,25.795,,,,2.5912,,Dy_auto
,173,26.42,0.05,,23.923,,,,2.4032,,Dy_auto
,174,26.64,0.05,,26.494,,,,2.6614,,Dy_auto
,175,26.86,0.05,,26.076,,,,2.6195,,Dy_auto
,176,27.09,0.05,,25.492,,,,2.5608,,Dy_auto
,177,27.31,0.05,,27.198,,,,2.7322,,Dy_auto
,178,27.54,0.05,,26.593,,,,2.6715,,Dy_auto
,179,27.77,0.05,,24.545,,,,2.4656,,Dy_auto
,180,27.99,0.05,,26.067,,,,2.6186,,Dy_auto
,181,28.22,0.05,,24.326,,,,2.4437,,Dy_auto
,182,28.45,0.05,,25.4,,,,2.5516,,Dy_auto
,183,28.69,0.05,,26.214,,,,2.6333,,Dy_auto
,184,28.92,0.05,,25.107,,,,2.5222,,Dy_auto
,185,29.15,0.05,,23.487,,,,2.3594,,Dy_auto
,186,29.39,0.05,,27.027,,,,2.715,,Dy_auto
,187,29.62,0.05,,23.05,,,,2.3155,,Dy_auto
,188,29.86,0.05,,26.069,,,,2.6188,,Dy_auto
,189,30.1,0.05,,23.687,,,,2.3795,,Dy_auto
,190,30.34,0.05,,23.377,,,,2.3484,,Dy_auto
,191,30.58,0.05,,24.74,,,,2.4853,,Dy_auto
,192,30.82,0.05,,23.784,,,,2.3892,,Dy_auto
,193,31.06,0.05,,24.923,,,,2.5037,,Dy_auto
,194,31.3,0.05,,26.141,,,,2.626,,Dy_auto
,195,31.55,0.05,,24.907,,,,2.502,,Dy_auto
,196,31.8,0.05,,25.486,,,,2.5602,,Dy_auto
,197,32.04,0.05,,26.18,,,,2.6299,,Dy_auto
,198,32.29,0.05,,25.06,,,,2.5175,,Dy_auto
,199,32.54,0.05,,23.343,,,,2.345,,Dy_auto
,200,32.79,0.05,,25.283,,,,2.5398,,Dy_auto
,201,33.04,0.05,,24.56,,,,2.4672,,Dy_auto
,202,33.29,0.05,,25.048,,,,2.5162,,Dy_auto
,203,33.55,0.05,,24.412,,,,2.4523,,Dy_auto
,204,33.8,0.05,,26.849,,,,2.6971,,Dy_auto
,205,34.06,0.05,,26.283,,,,2.6403,,Dy_auto
,206,34.32,0.05,,25.956,,,,2.6074,,Dy_auto
,207,34.58,0.05,,25.519,,,,2.5636,,Dy_auto
,208,34.84,0.05,,25.326,,,,2.5442,,Dy_auto
,209,35.1,0.05,,25.055,,,,2.5169,,Dy_auto
,210,35.36,0.05,,25.242,,,,2.5357,,Dy_auto
,211,35.62,0.05,,25.46,,,,2.5576,,Dy_auto
,212,35.89,0.05,,25.761,,,,2.5878,,Dy_auto
,213,36.15,0.05,,25.207,,,,2.5322,,Dy_auto
,214,36.42,0.05,,24.248,,,,2.4358,,Dy_auto
,215,36.69,0.05,,25.255,,,,2.537,,Dy_auto
,216,36.96,0.05,,25.233,,,,2.5348,,Dy_auto
,217,37.23,0.05,,24.896,,,,2.501,,Dy_auto
,218,37.5,0.05,,24.88,,,,2.4993,,Dy_auto
,219,37.78,0.05,,25.643,,,,2.576,,Dy_auto
,220,38.05,0.05,,24.051,,,,2.416,,Dy_auto
,221,38.33,0.05,,26.139,,,,2.6258,,Dy_auto
,222,38.6,0.05,,26.286,,,,2.6406,,Dy_auto
,223,38.88,0.05,,23.658,,,,2.3766,,Dy_auto
,224,39.16,0.05,,24.731,,,,2.4843,,Dy_auto
,225,39.44,0.05,,23.01,,,,2.3114,,Dy_auto
,226,39.73,0.05,,26.385,,,,2.6505,,Dy_auto
,227,40.01,0.05,,23.736,,,,2.3844,,Dy_auto
,228,40.29,0.05,,26.221,,,,2.634,,Dy_auto
,229,40.58,0.05,,25.293,,,,2.5408,,Dy_auto
,230,40.87,0.05,,26.826,,,,2.6948,,Dy_auto
,231,41.16,0.05,,25.638,,,,2.5755,,Dy_auto
,232,41.45,0.05,,25.97,,,,2.6089,,Dy_auto
,233,41.74,0.05,,26.181,,,,2.6301,,Dy_auto
,234,42.03,0.05,,24.255,,,,2.4365,,Dy_auto
,235,42.33,0.05,,24.559,,,,2.4671,,Dy_auto
,236,42.62,0.05,,24.437,,,,2.4548,,Dy_auto
,237,42.92,0.05,,25.721,,,,2.5838,,Dy_auto
,238,43.22,0.05,,24.336,,,,2.4447,,Dy_auto
,239,43.52,0.05,,24.538,,,,2.465,,Dy_auto
,240,43.82,0.05,,25.747,,,,2.5865,,Dy_auto
,241,44.12,0.05,,23.36,,,,2.3466,,Dy_auto
,242,44.43,0.05,,24.736,,,,2.4849,,Dy_auto
,243,44.73,0.05,,26.569,,,,2.6691,,Dy_auto
,244,45.04,0.05,,24.627,,,,2.4739,,Dy_auto
,245,45.35,0.05,,24.281,,,,2.4391,,Dy_auto
,246,45.66,0.05,,26.149,,,,2.6268,,Dy_auto
,247,45.97,0.05,,25.645,,,,2.5762,,Dy_auto
,248,46.28,0.05,,26.414,,,,2.6534,,Dy_auto
,249,46.59,0.05,,25.596,,,,2.5713,,Dy_auto
,250,46.91,0.05,,24.458,,,,2.457,,Dy_auto
,251,47.23,0.05,,24.899,,,,2.5012,,Dy_auto
,252,47.55,0.05,,25.53,,,,2.5646,,Dy_auto
,253,47.87,0.05,,26.307,,,,2.6426,,Dy_auto
,254,48.19,0.05,,25.102,,,,2.5216,,Dy_auto
,255,48.51,0.05,,24.528,,,,2.4639,,Dy_auto
,256,48.83,0.05,,23.592,,,,2.3699,,Dy_auto
,257,49.16,0.05,,25.785,,,,2.5903,,Dy_auto
,258,49.49,0.05,,24.94,,,,2.5053,,Dy_auto
,259,49.82,0.05,,25.054,,,,2.5168,,Dy_auto
,260,50.15,0.05,,24.792,,,,2.4905,,Dy_auto
,261,50.48,0.05,,25.604,,,,2.5721,,Dy_auto
,262,50.81,0.05,,25.401,,,,2.5516,,Dy_auto
,263,51.15,0.05,,24.54,,,,2.4652,,Dy_auto
,264,51.48,0.05,,24.344,,,,2.4455,,Dy_auto
,265,51.82,0.05,,24.718,,,,2.4831,,Dy_auto
,266,52.16,0.05,,25.163,,,,2.5278,,Dy_auto
,267,52.5,0.05,,24.005,,,,2.4115,,Dy_auto
,268,52.85,0.05,,24.267,,,,2.4378,,Dy_auto
,269,53.19,0.05,,25.125,,,,2.524,,Dy_auto
,270,53.54,0.05,,23.98,,,,2.4089,,Dy_auto
,271,53.88,0.05,,24.429,,,,2.4541,,Dy_auto
,272,54.23,0.05,,24.52,,,,2.4631,,Dy_auto
,273,54.58,0.05,,25.979,,,,2.6098,,Dy_auto
,274,54.94,0.05,,24.316,,,,2.4427,,Dy_auto
,275,55.29,0.05,,25.024,,,,2.5138,,Dy_auto
,276,55.65,0.05,,23.998,,,,2.4108,,Dy_auto
,277,56,0.05,,24.623,,,,2.4735,,Dy_auto
,278,56.36,0.05,,23.832,,,,2.3941,,Dy_auto
,279,56.72,0.05,,26.539,,,,2.6659,,Dy_auto
,280,57.09,0.05,,25.255,,,,2.537,,Dy_auto
,281,57.45,0.05,,24.899,,,,2.5013,,Dy_auto
,282,57.81,0.05,,25.522,,,,2.5639,,Dy_auto
,283,58.18,0.05,,26.346,,,,2.6466,,Dy_auto
,284,58.55,0.05,,24.656,,,,2.4768,,Dy_auto
,285,58.92,0.05,,23.979,,,,2.4089,,Dy_auto
,286,59.29,0.05,,24.166,,,,2.4276,,Dy_auto
,287,59.67,0.05,,23.723,,,,2.3831,,Dy_auto
,288,60.04,0.05,,25.019,,,,2.5133,,Dy_auto
,289,60.42,0.05,,25.157,,,,2.5272,,Dy_auto
,290,60.8,0.05,,24.842,,,,2.4955,,Dy_auto
,291,61.18,0.05,,24.094,,,,2.4204,,Dy_auto
,292,61.57,0.05,,24.628,,,,2.474,,Dy_auto
,293,61.95,0.05,,24.793,,,,2.4906,,Dy_auto
,294,62.34,0.05,,25.03,,,,2.5145,,Dy_auto
,295,62.73,0.05,,24.635,,,,2.4747,,Dy_auto
,296,63.12,0.05,,25.775,,,,2.5893,,Dy_auto
,297,63.51,0.05,,23.443,,,,2.355,,Dy_auto
,298,63.9,0.05,,23.282,,,,2.3388,,Dy_auto
,299,64.3,0.05,,25.617,,,,2.5734,,Dy_auto
,300,64.69,0.05,,25.106,,,,2.522,,Dy_auto
,301,65.09,0.05,,24.115,,,,2.4225,,Dy_auto
,302,65.49,0.05,,25.249,,,,2.5364,,Dy_auto
,303,65.9,0.05,,23.843,,,,2.3952,,Dy_auto
,304,66.3,0.05,,25.311,,,,2.5426,,Dy_auto
,305,66.71,0.05,,25.079,,,,2.5193,,Dy_auto
,306,67.12,0.05,,26.048,,,,2.6167,,Dy_auto
,307,67.53,0.05,,25.939,,,,2.6057,,Dy_auto
,308,67.94,0.05,,24.643,,,,2.4755,,Dy_auto
,309,68.35,0.05,,24.918,,,,2.5032,,Dy_auto
,310,68.77,0.05,,24.507,,,,2.4619,,Dy_auto
,311,69.19,0.05,,25.824,,,,2.5942,,Dy_auto
,312,69.61,0.05,,24.122,,,,2.4232,,Dy_auto
,313,70.03,0.05,,23.149,,,,2.3254,,Dy_auto
,314,70.45,0.05,,25.817,,,,2.5935,,Dy_auto
,315,70.88,0.05,,26.294,,,,2.6414,,Dy_auto
,316,71.31,0.05,,24.585,,,,2.4697,,Dy_auto
,317,71.74,0.05,,24.578,,,,2.469,,Dy_auto
,318,72.17,0.05,,25.968,,,,2.6086,,Dy_auto
,319,72.6,0.05,,24.667,,,,2.478,,Dy_auto
,320,73.04,0.05,,23.858,,,,2.3966,,Dy_auto
,321,73.48,0.05,,25.552,,,,2.5668,,Dy_auto
,322,73.92,0.05,,25.368,,,,2.5484,,Dy_auto
,323,74.36,0.05,,24.62,,,,2.4732,,Dy_auto
,324,74.8,0.05,,24.401,,,,2.4512,,Dy_auto
,325,75.25,0.05,,24.129,,,,2.4239,,Dy_auto
,326,75.7,0.05,,25.916,,,,2.6034,,Dy_auto
,327,76.15,0.05,,24.272,,,,2.4383,,Dy_auto
,328,76.6,0.05,,23.76,,,,2.3868,,Dy_auto
,329,77.05,0.05,,24.914,,,,2.5027,,Dy_auto
,330,77.51,0.05,,23.726,,,,2.3834,,Dy_auto
,331,77.97,0.05,,23.898,,,,2.4007,,Dy_auto
,332,78.43,0.05,,24.396,,,,2.4507,,Dy_auto
,333,78.89,0.05,,25.254,,,,2.5369,,Dy_auto
,334,79.36,0.05,,25.076,,,,2.519,,Dy_auto
,335,79.82,0.05,,24.464,,,,2.4575,,Dy_auto
,336,80.29,0.05,,25.058,,,,2.5172,,Dy_auto
,337,80.76,0.05,,24.429,,,,2.4541,,Dy_auto
,338,81.24,0.05,,24.211,,,,2.4321,,Dy_auto
,339,81.71,0.05,,25.063,,,,2.5177,,Dy_auto
,340,82.19,0.05,,24.726,,,,2.4839,,Dy_auto
,341,82.67,0.05,,24.15,,,,2.426,,Dy_auto
,342,83.15,0.05,,24.59,,,,2.4702,,Dy_auto
,343,83.64,0.05,,25.088,,,,2.5203,,Dy_auto
,344,84.12,0.05,,24.03,,,,2.4139,,Dy_auto
,345,84.61,0.05,,25.815,,,,2.5933,,Dy_auto
,346,85.11,0.05,,24.545,,,,2.4657,,Dy_auto
,347,85.6,0.05,,24.907,,,,2.5021,,Dy_auto
,348,86.09,0.05,,24.651,,,,2.4763,,Dy_auto
,349,86.59,0.05,,23.71,,,,2.3818,,Dy_auto
,350,87.09,0.05,,25.121,,,,2.5235,,Dy_auto
,351,87.6,0.05,,25.33,,,,2.5446,,Dy_auto
,352,88.1,0.05,,24.864,,,,2.4977,,Dy_auto
,353,88.61,0.05,,23.449,,,,2.3556,,Dy_auto
,354,89.12,0.05,,24.6,,,,2.4712,,Dy_auto
,355,89.63,0.05,,24.493,,,,2.4605,,Dy_auto
,356,90.15,0.05,,24.039,,,,2.4148,,Dy_auto
,357,90.66,0.05,,25.448,,,,2.5564,,Dy_auto
,358,91.18,0.05,,23.963,,,,2.4072,,Dy_auto
,359,91.7,0.05,,24.692,,,,2.4805,,Dy_auto
,360,92.23,0.05,,25.036,,,,2.5151,,Dy_auto
,361,92.75,0.05,,24.495,,,,2.4606,,Dy_auto
,362,93.28,0.05,,24.488,,,,2.46,,Dy_auto
,363,93.81,0.05,,24.04,,,,2.415,,Dy_auto
,364,94.35,0.05,,23.588,,,,2.3696,,Dy_auto
,365,94.88,0.05,,24.903,,,,2.5016,,Dy_auto
,366,95.42,0.05,,24.384,,,,2.4495,,Dy_auto
,367,95.97,0.05,,24.783,,,,2.4896,,Dy_auto
,368,96.51,0.05,,25.208,,,,2.5323,,Dy_auto
,369,97.06,0.05,,23.241,,,,2.3347,,Dy_auto
,370,97.6,0.05,,24.257,,,,2.4367,,Dy_auto
,371,98.16,0.05,,24.194,,,,2.4304,,Dy_auto
,372,98.71,0.05,,24.611,,,,2.4723,,Dy_auto
,373,99.27,0.05,,24.395,,,,2.4506,,Dy_auto
,374,99.83,0.05,,24.526,,,,2.4638,,Dy_auto
,375,100.4,0.05,,24.415,,,,2.4527,,Dy_auto
,376,101,0.05,,24.73,,,,2.4843,,Dy_auto
,377,101.5,0.05,,23.653,,,,2.3761,,Dy_auto
,378,102.1,0.05,,24.113,,,,2.4223,,Dy_auto
,379,102.7,0.05,,24.357,,,,2.4468,,Dy_auto
,380,103.2,0.05,,23.907,,,,2.4015,,Dy_auto
,381,103.8,0.05,,24.329,,,,2.4439,,Dy_auto
,382,104.4,0.05,,24.582,,,,2.4694,,Dy_auto
,383,105,0.05,,24.279,,,,2.439,,Dy_auto
,384,105.6,0.05,,25.279,,,,2.5394,,Dy_auto
,385,106.1,0.05,,23.739,,,,2.3847,,Dy_auto
,386,106.7,0.05,,24.35,,,,2.446,,Dy_auto
,387,107.3,0.05,,24.649,,,,2.4761,,Dy_auto
,388,107.9,0.05,,24.223,,,,2.4333,,Dy_auto
,389,108.5,0.05,,23.616,,,,2.3723,,Dy_auto
,390,109.1,0.05,,24.166,,,,2.4276,,Dy_auto
,391,109.7,0.05,,23.934,,,,2.4043,,Dy_auto
,392,110.3,0.05,,24.522,,,,2.4634,,Dy_auto
,393,111,0.05,,25.605,,,,2.5721,,Dy_auto
,394,111.6,0.05,,23.849,,,,2.3958,,Dy_auto
,395,112.2,0.05,,24.417,,,,2.4528,,Dy_auto
,396,112.8,0.05,,24.1,,,,2.421,,Dy_auto
,397,113.4,0.05,,24.769,,,,2.4881,,Dy_auto
,398,114,0.05,,24.572,,,,2.4684,,Dy_auto
,399,114.7,0.05,,24.575,,,,2.4687,,Dy_auto
,400,115.3,0.05,,24.405,,,,2.4516,,Dy_auto
,401,115.9,0.05,,24.928,,,,2.5041,,Dy_auto
,402,116.6,0.05,,24.621,,,,2.4733,,Dy_auto
,403,117.2,0.05,,23.879,,,,2.3988,,Dy_auto
,404,117.9,0.05,,23.161,,,,2.3267,,Dy_auto
,405,118.5,0.05,,24.583,,,,2.4695,,Dy_auto
,406,119.1,0.05,,23.691,,,,2.3799,,Dy_auto
,407,119.8,0.05,,24.791,,,,2.4904,,Dy_auto
,408,120.5,0.05,,23.748,,,,2.3856,,Dy_auto
,409,121.1,0.05,,23.509,,,,2.3617,,Dy_auto
,410,121.8,0.05,,24.426,,,,2.4538,,Dy_auto
,411,122.4,0.05,,23.601,,,,2.3709,,Dy_auto
,412,123.1,0.05,,23.735,,,,2.3843,,Dy_auto
,413,123.8,0.05,,24.528,,,,2.464,,Dy_auto
,414,124.4,0.05,,24.601,,,,2.4713,,Dy_auto
,415,125.1,0.05,,24.246,,,,2.4356,,Dy_auto
,416,125.8,0.05,,24.895,,,,2.5009,,Dy_auto
,417,126.5,0.05,,24.276,,,,2.4386,,Dy_auto
,418,127.2,0.05,,24.426,,,,2.4537,,Dy_auto
,419,127.9,0.05,,24.347,,,,2.4458,,Dy_auto
,420,128.5,0.05,,24.527,,,,2.4639,,Dy_auto
,421,129.2,0.05,,24.145,,,,2.4255,,Dy_auto
,422,129.9,0.05,,23.988,,,,2.4097,,Dy_auto
,423,130.6,0.05,,24.053,,,,2.4163,,Dy_auto
,424,131.3,0.05,,23.986,,,,2.4095,,Dy_auto
,425,132,0.05,,23.899,,,,2.4008,,Dy_auto
,426,132.8,0.05,,24.609,,,,2.4721,,Dy_auto
,427,133.5,0.05,,24.343,,,,2.4454,,Dy_auto
,428,134.2,0.05,,24.95,,,,2.5064,,Dy_auto
,429,134.9,0.05,,24.518,,,,2.463,,Dy_auto
,430,135.6,0.05,,23.64,,,,2.3748,,Dy_auto
,431,136.4,0.05,,24.706,,,,2.4819,,Dy_auto
,432,137.1,0.05,,24.745,,,,2.4858,,Dy_auto
,433,137.8,0.05,,23.652,,,,2.3759,,Dy_auto
,434,138.6,0.05,,24.6,,,,2.4712,,Dy_auto
,435,139.3,0.05,,23.43,,,,2.3537,,Dy_auto
,436,140,0.05,,24.98,,,,2.5094,,Dy_auto
,437,140.8,0.05,,24.069,,,,2.4179,,Dy_auto
,438,141.5,0.05,,23.883,,,,2.3992,,Dy_auto
,439,142.3,0.05,,24.273,,,,2.4384,,Dy_auto
,440,143.1,0.05,,24.316,,,,2.4427,,Dy_auto
,441,143.8,0.05,,23.601,,,,2.3709,,Dy_auto
,442,144.6,0.05,,24.049,,,,2.4158,,Dy_auto
,443,145.4,0.05,,24.133,,,,2.4243,,Dy_auto
,444,146.1,0.05,,24.612,,,,2.4724,,Dy_auto
,445,146.9,0.05,,24.355,,,,2.4466,,Dy_auto
,446,147.7,0.05,,23.943,,,,2.4053,,Dy_auto
,447,148.5,0.05,,24.329,,,,2.444,,Dy_auto
,448,149.3,0.05,,24.583,,,,2.4695,,Dy_auto
,449,150,0.05,,24.409,,,,2.452,,Dy_auto
,450,150.8,0.05,,24.852,,,,2.4965,,Dy_auto
,451,151.6,0.05,,25.156,,,,2.5271,,Dy_auto
,452,152.4,0.05,,24.318,,,,2.4429,,Dy_auto
,453,153.2,0.05,,23.647,,,,2.3755,,Dy_auto
,454,154.1,0.05,,23.82,,,,2.3929,,Dy_auto
,455,154.9,0.05,,23.687,,,,2.3795,,Dy_auto
,456,155.7,0.05,,24.408,,,,2.4519,,Dy_auto
,457,156.5,0.05,,23.884,,,,2.3993,,Dy_auto
,458,157.3,0.05,,23.351,,,,2.3458,,Dy_auto
,459,158.2,0.05,,24.392,,,,2.4503,,Dy_auto
,460,159,0.05,,24.223,,,,2.4334,,Dy_auto
,461,159.8,0.05,,24.281,,,,2.4392,,Dy_auto
,462,160.7,0.05,,23.745,,,,2.3853,,Dy_auto
,463,161.5,0.05,,23.732,,,,2.384,,Dy_auto
,464,162.3,0.05,,24.95,,,,2.5064,,Dy_auto
,465,163.2,0.05,,23.881,,,,2.399,,Dy_auto
,466,164.1,0.05,,23.689,,,,2.3797,,Dy_auto
,467,164.9,0.05,,23.939,,,,2.4048,,Dy_auto
,468,165.8,0.05,,23.998,,,,2.4108,,Dy_auto
,469,166.6,0.05,,23.847,,,,2.3955,,Dy_auto
,470,167.5,0.05,,23.825,,,,2.3933,,Dy_auto
,471,168.4,0.05,,23.577,,,,2.3685,,Dy_auto
,472,169.3,0.05,,24.449,,,,2.456,,Dy_auto
,473,170.1,0.05,,23.928,,,,2.4037,,Dy_auto
,474,171,0.05,,24.741,,,,2.4854,,Dy_auto
,475,171.9,0.05,,23.093,,,,2.3199,,Dy_auto
,476,172.8,0.05,,23.747,,,,2.3855,,Dy_auto
,477,173.7,0.05,,23.958,,,,2.4067,,Dy_auto
,478,174.6,0.05,,23.945,,,,2.4054,,Dy_auto
,479,175.5,0.05,,23.75,,,,2.3859,,Dy_auto
,480,176.4,0.05,,23.681,,,,2.3789,,Dy_auto
,481,177.4,0.05,,25.182,,,,2.5297,,Dy_auto
,482,178.3,0.05,,23.225,,,,2.3331,,Dy_auto
,483,179.2,0.05,,23.903,,,,2.4012,,Dy_auto
,484,180.1,0.05,,24.333,,,,2.4444,,Dy_auto
,485,181.1,0.05,,24.278,,,,2.4389,,Dy_auto
,486,182,0.05,,23.583,,,,2.3691,,Dy_auto
,487,182.9,0.05,,24.177,,,,2.4288,,Dy_auto
,488,183.9,0.05,,24.519,,,,2.4631,,Dy_auto
,489,184.8,0.05,,23.817,,,,2.3925,,Dy_auto
,490,185.8,0.05,,24.629,,,,2.4741,,Dy_auto
,491,186.8,0.05,,23.819,,,,2.3928,,Dy_auto
,492,187.7,0.05,,23.504,,,,2.3611,,Dy_auto
,493,188.7,0.05,,23.443,,,,2.355,,Dy_auto
,494,189.7,0.05,,24.003,,,,2.4112,,Dy_auto
,495,190.6,0.05,,24.309,,,,2.4419,,Dy_auto
,496,191.6,0.05,,23.354,,,,2.346,,Dy_auto
,497,192.6,0.05,,24.346,,,,2.4457,,Dy_auto
,498,193.6,0.05,,24.006,,,,2.4116,,Dy_auto
,499,194.6,0.05,,23.871,,,,2.398,,Dy_auto
,500,195.6,0.05,,23.989,,,,2.4098,,Dy_auto
,,,,,,,,,,,
Interval and data points:,2,60,,,,,,,,,
Interval data:,Point No.,Time,Shear Strain,Complex Viscosity,Shear Stress,Storage Modulus,Loss Modulus,Loss Factor,Torque,Frequency,Status
,,,,Fundamental,,,,,,,
,,[s],[1],[mPa·s],[Pa],[Pa],[Pa],[1],[µN·m],[Hz],
,1,195.7,0.00177,,489.46,,,,49.169,,Dy_auto
,2,195.8,0.00102,,28.41,,,,2.854,,Dy_auto
,3,195.9,0.001,,33.548,,,,3.3701,,Dy_auto
,4,196,0.001,,8.3684,,,,0.84065,,Dy_auto
,5,196.2,0.001,,34.207,,,,3.4362,,Dy_auto
,6,196.3,0.001,,25.59,,,,2.5707,,Dy_auto
,7,196.5,0.001,,19.745,,,,1.9835,,Dy_auto
,8,196.6,0.001,,15.683,,,,1.5755,,Dy_auto
,9,196.8,0.001,,17.63,,,,1.7711,,Dy_auto
,10,197,0.001,,15.745,,,,1.5816,,Dy_auto
,11,197.2,0.001,,17.574,,,,1.7654,,Dy_auto
,12,197.4,0.001,,18.824,,,,1.891,,Dy_auto
,13,197.6,0.001,,18.487,,,,1.8571,,Dy_auto
,14,197.8,0.001,,17.377,,,,1.7456,,Dy_auto
,15,198.1,0.001,,17.362,,,,1.7441,,Dy_auto
,16,198.3,0.001,,19.377,,,,1.9466,,Dy_auto
,17,198.6,0.001,,17.812,,,,1.7894,,Dy_auto
,18,198.9,0.001,,18.66,,,,1.8745,,Dy_auto
,19,199.3,0.001,,18.601,,,,1.8686,,Dy_auto
,20,199.6,0.001,,18.453,,,,1.8537,,Dy_auto
,21,200,0.001,,18.874,,,,1.896,,Dy_auto
,22,200.4,0.001,,18.05,,,,1.8132,,Dy_auto
,23,200.8,0.001,,18.44,,,,1.8524,,Dy_auto
,24,201.3,0.001,,18.392,,,,1.8476,,Dy_auto
,25,201.8,0.001,,17.926,,,,1.8008,,Dy_auto
,26,202.3,0.001,,17.309,,,,1.7388,,Dy_auto
,27,202.9,0.001,,18.091,,,,1.8173,,Dy_auto
,28,203.5,0.001,,18.511,,,,1.8595,,Dy_auto
,29,204.1,0.001,,18.527,,,,1.8611,,Dy_auto
,30,204.8,0.001,,18.617,,,,1.8701,,Dy_auto
,31,205.5,0.001,,18.667,,,,1.8752,,Dy_auto
,32,206.3,0.001,,18.243,,,,1.8326,,Dy_auto
,33,207.1,0.001,,18.845,,,,1.893,,Dy_auto
,34,208,0.001,,18.112,,,,1.8194,,Dy_auto
,35,209,0.001,,18.365,,,,1.8448,,Dy_auto
,36,210,0.001,,18.675,,,,1.8761,,Dy_auto
,37,211.1,0.001,,18.033,,,,1.8115,,Dy_auto
,38,212.3,0.001,,18.426,,,,1.851,,Dy_auto
,39,213.5,0.001,,18.352,,,,1.8436,,Dy_auto
,40,214.8,0.001,,19.276,,,,1.9364,,Dy_auto
,41,216.2,0.001,,18.328,,,,1.8411,,Dy_auto
,42,217.8,0.001,,18.098,,,,1.818,,Dy_auto
,43,219.4,0.001,,18.163,,,,1.8245,,Dy_auto
,44,221.1,0.001,,18.161,,,,1.8244,,Dy_auto
,45,223,0.001,,18.573,,,,1.8658,,Dy_auto
,46,224.9,0.001,,18.504,,,,1.8589,,Dy_auto
,47,227,0.001,,18.696,,,,1.8781,,Dy_auto
,48,229.3,0.001,,18.495,,,,1.8579,,Dy_auto
,49,231.7,0.001,,18.306,,,,1.8389,,Dy_auto
,50,234.3,0.001,,18.304,,,,1.8387,,Dy_auto
,51,237,0.001,,18.444,,,,1.8528,,Dy_auto
,52,240,0.001,,18.443,,,,1.8527,,Dy_auto
,53,243.1,0.001,,18.48,,,,1.8564,,Dy_auto
,54,246.5,0.001,,18.487,,,,1.8572,,Dy_auto
,55,250.1,0.001,,18.448,,,,1.8532,,Dy_auto
,56,253.9,0.001,,18.456,,,,1.854,,Dy_auto
,57,258,0.001,,18.459,,,,1.8543,,Dy_auto
,58,262.4,0.001,,18.469,,,,1.8553,,Dy_auto
,59,267.1,0.001,,18.679,,,,1.8764,,Dy_auto
,60,272.1,0.001,,18.589,,,,1.8673,,Dy_auto
,,,,,,,,,,,
Result:,Stress Relaxation 2,,,,,,,,,,
,,,,,,,,,,,
Interval and data points:,1,25,,,,,,,,,
Interval data:,Point No.,Time,Shear Strain,Complex Viscosity,Shear Stress,Storage Modulus,Loss Modulus,Loss Factor,Torque,Frequency,Status
,,,,Fundamental,,,,,,,
,,[s],[1],[mPa·s],[Pa],[Pa],[Pa],[1],[µN·m],[Hz],
,1,0.1,0.000119,1.3849E+08,103.22,43.508,8.7016E+05,20000,10.369,1,"ME-,WMa,taD,TruStrain™"
,2,0.217,0.0013,3.4679E+07,282.56,10.895,2.179E+05,20000,28.385,1,"ME-,WMa,taD,TruStrain™"
,3,0.353,0.00248,1.8675E+07,290.83,5.867,1.1734E+05,20000,29.215,1,"ME-,WMa,taD,TruStrain™"
,4,0.512,0.00429,1.0818E+07,291.49,3.3985,67970,20000,29.282,1,"ME-,WMa,taD,TruStrain™"
,5,0.697,0.00634,7.3183E+06,291.49,2.2991,45982,20000,29.282,1,"ME-,WMa,taD,TruStrain™"
,6,0.912,0.00878,5.2724E+06,290.85,1.6564,33128,20000,29.217,1,"ME-,WMa,taD,TruStrain™"
,7,1.164,0.011,6.4741E+05,44.79,0.20339,4067.8,20000,4.4994,1,"ME-,WMa,taD,TruStrain™"
,8,1.457,0.0112,31048,2.1946,113.32,158.79,1.401,0.22046,1,"MV-,WMa,TruStrain™"
,9,1.799,0.0108,39870,2.7102,125.86,216.6,1.721,0.27226,1,"MV-,WMa,TruStrain™"
,10,2.198,0.0101,21363,1.3523,93.854,95.958,1.022,0.13585,1,"MV-,WMa,TruStrain™"
,11,2.663,0.01,31189,1.9599,192.84,34.894,0.181,0.19688,1,"WMa,TruStrain™"
,12,3.205,0.01,28486,1.7901,172.03,49.416,0.287,0.17983,1,"WMa,TruStrain™"
,13,3.838,0.01,29492,1.8552,178.63,49.277,0.276,0.18637,1,"WMa,TruStrain™"
,14,4.575,0.01,30679,1.9333,187.95,42.796,0.228,0.19421,1,"WMa,TruStrain™"
,15,5.435,0.01,29751,1.8768,184.75,28.475,0.154,0.18854,1,"WMa,TruStrain™"
,16,6.438,0.01,28458,1.7962,175.35,35,0.2,0.18044,1,"WMa,TruStrain™"
,17,7.608,0.01,27551,1.7395,168.9,37.916,0.224,0.17474,1,"WMa,TruStrain™"
,18,8.972,0.01,29644,1.8719,183.79,30.195,0.164,0.18804,1,"WMa,TruStrain™"
,19,10.56,0.0101,29781,1.8806,183.88,34.668,0.189,0.18892,1,"WMa,TruStrain™"
,20,12.42,0.0101,29508,1.8634,182.52,32.578,0.178,0.18719,1,"WMa,TruStrain™"
,21,14.58,0.0101,30132,1.9028,186.83,30.647,0.164,0.19114,1,"WMa,TruStrain™"
,22,17.1,0.0101,30427,1.9214,188.52,31.79,0.169,0.19302,1,"WMa,TruStrain™"
,23,20.04,0.0101,30272,1.9116,187.02,34.657,0.185,0.19203,1,"WMa,TruStrain™"
,24,23.47,0.0101,29728,1.8773,183.92,32.581,0.177,0.18858,1,"WMa,TruStrain™"
,25,27.47,0.0101,29309,1.8508,181.34,32.106,0.177,0.18593,1,"WMa,TruStrain™"
,,,,,,,,,,,
Interval and data points:,2,25,,,,,,,,,
Interval data:,Point No.,Time,Shear Strain,Complex Viscosity,Shear Stress,Storage Modulus,Loss Modulus,Loss Factor,Torque,Frequency,Status
,,,,Fundamental,,,,,,,
,,[s],[1],[mPa·s],[Pa],[Pa],[Pa],[1],[µN·m],[Hz],
,1,27.58,0.0366,5.9558E+06,1368.9,22828,29652,1.299,137.51,1,"WMa,TruStrain™"
,2,27.69,0.297,6.2305E+05,1163.9,0.19574,3914.8,20000,116.92,1,"ME-,WMa,taD,TruStrain™"
,3,27.83,0.594,2.8877E+05,1078.3,1814.4,0.090721,0,108.32,1,"ME-,WMa,taD,TruStrain™"
,4,27.99,0.967,2.0524E+05,1247.3,1289.5,0.064477,0,125.29,1,"ME-,WMa,taD,TruStrain™"
,5,28.17,1.49,1.0608E+05,991.16,666.53,0.033326,0,99.568,1,"ME-,WMa,taD,TruStrain™"
,6,28.39,2.24,97129,1368.9,0.030514,610.28,20000,137.51,1,"ME-,WMa,taD,TruStrain™"
,7,28.64,2.93,39079,719.04,245.54,0.012277,0,72.231,1,"ME-,MV-,WMa,taD,TruStrain™"
,8,28.93,3.12,33650,659.13,29.032,209.43,7.214,66.213,1,"ME-,WMa,TruStrain™"
,9,29.28,3.12,13228,259.69,83.111,0.0041556,0,26.087,1,"ME-,MV-,WMa,taD,TruStrain™"
,10,29.68,2.94,23209,428.58,0.0072912,145.82,20000,43.053,1,"ME-,MV-,WMa,taD,TruStrain™"
,11,30.14,2.81,20131,355.03,0.0063244,126.49,20000,35.665,1,"ME-,MV-,WMa,taD,TruStrain™"
,12,30.68,2.69,11611,196.35,0.49215,72.95,148.227,19.724,1,"ME-,MV-,WMa,TruStrain™"
,13,31.32,2.63,4300.7,71.073,16.794,21.169,1.26,7.1397,1,"MV-,WMa,TruStrain™"
,14,32.05,2.58,3427.1,55.471,19.904,8.2156,0.413,5.5724,1,"MV-,WMa,TruStrain™"
,15,32.91,2.54,2424.7,38.74,15.052,2.3489,0.156,3.8917,1,"MV-,WMa,TruStrain™"
,16,33.92,2.53,2964.4,47.09,14.037,12.243,0.872,4.7304,1,"WMa,TruStrain™"
,17,35.09,2.52,3217,50.882,12.962,15.509,1.196,5.1114,1,"WMa,TruStrain™"
,18,36.45,2.51,3509.6,55.419,12.663,18.053,1.426,5.5672,1,"WMa,TruStrain™"
,19,38.04,2.51,3500.6,55.264,12.56,18.056,1.438,5.5516,1,"WMa,TruStrain™"
,20,39.89,2.51,3535.9,55.822,12.562,18.325,1.459,5.6077,1,"WMa,TruStrain™"
,21,42.06,2.51,3516,55.508,12.207,18.413,1.508,5.5761,1,"WMa,TruStrain™"
,22,44.58,2.51,3433.8,54.21,12.009,17.924,1.493,5.4457,1,"WMa,TruStrain™"
,23,47.52,2.51,3419.6,53.985,11.946,17.859,1.495,5.4231,1,"WMa,TruStrain™"
,24,50.95,2.51,3477.7,54.904,12.006,18.258,1.521,5.5154,1,"WMa,TruStrain™"
,25,54.95,2.51,3421.5,54.015,11.888,17.912,1.507,5.4261,1,"WMa,TruStrain™"
,,,,,,,,,,,
Interval and data points:,3,25,,,,,,,,,
Interval data:,Point No.,Time,Shear Strain,Complex Viscosity,Shear Stress,Storage Modulus,Loss Modulus,Loss Factor,Torque,Frequency,Status
,,,,Fundamental,,,,,,,
,,[s],[1],[mPa·s],[Pa],[Pa],[Pa],[1],[µN·m],[Hz],
,1,55.05,2.48,95866,1492.9,0.030117,602.34,20000,149.97,1,"ME-,MV-,WMa,taD,TruStrain™"
,2,55.17,2.31,1.3124E+05,1903.1,72.581,821.4,11.317,191.18,1,"ME-,MV-,WMa,TruStrain™"
,3,55.31,1.97,1.5513E+05,1915.9,264.31,938.17,3.549,192.47,1,"MV-,WMa,TruStrain™"
,4,55.47,1.63,2.0449E+05,2097.3,515.7,1176.8,2.282,210.69,1,"MV-,WMa,TruStrain™"
,5,55.65,1.15,3.3265E+05,2413.4,1037.9,1814.2,1.748,242.44,1,"MV-,WMa,TruStrain™"
,6,55.87,0.591,6.6784E+05,2479.3,2979.5,2954.7,0.992,249.06,1,"MV-,WMa,TruStrain™"
,7,56.12,0.379,2.9282E+05,697.74,0.091994,1839.9,20000,70.091,1,"ME-,MV-,WMa,TruStrain™"
,8,56.41,0.369,1.8512E+05,428.94,317.1,1119.1,3.529,43.09,1,"MV-,WMa,TruStrain™"
,9,56.75,0.216,6.1263E+05,832.55,1221.1,3650.4,2.99,83.634,1,"MV-,WMa,TruStrain™"
,10,57.15,0.00848,8.4628E+06,451.14,50567,16443,0.325,45.319,1,"MV-,WMa,TruStrain™"
,11,57.62,0.00646,50010,2.0285,312.16,35.943,0.115,0.20377,1,"WMa,TruStrain™"
,12,58.16,0.00696,1.0107E+05,4.4207,155.77,615.66,3.952,0.44408,1,"WMa,TruStrain™"
,13,58.79,0.00895,94921,5.3364,99.044,588.12,5.938,0.53608,1,"WMa,TruStrain™"
,14,59.53,0.0101,28094,1.7883,115.84,133.19,1.15,0.17964,1,"WMa,TruStrain™"
,15,60.39,0.0104,21577,1.4127,131.9,31.338,0.238,0.14191,1,"WMa,TruStrain™"
,16,61.39,0.0102,23660,1.5143,148.29,10.408,0.07,0.15212,1,"WMa,TruStrain™"
,17,62.56,0.0101,23948,1.5218,148.44,24.628,0.166,0.15288,1,"WMa,TruStrain™"
,18,63.93,0.0101,23712,1.5002,146.63,26.412,0.18,0.1507,1,"WMa,TruStrain™"
,19,65.51,0.0101,23587,1.4901,145.42,28.595,0.197,0.14969,1,"WMa,TruStrain™"
,20,67.37,0.0101,24178,1.5269,148.7,31.095,0.209,0.15339,1,"WMa,TruStrain™"
,21,69.53,0.0101,24558,1.5508,151.12,31.183,0.206,0.15579,1,"WMa,TruStrain™"
,22,72.06,0.0101,24485,1.5462,150.53,31.759,0.211,0.15533,1,"WMa,TruStrain™"
,23,75,0.0101,23455,1.4811,145.58,22.927,0.157,0.14879,1,"WMa,TruStrain™"
,24,78.43,0.0101,23953,1.5126,148.62,23.725,0.16,0.15195,1,"WMa,TruStrain™"
,25,82.43,0.0101,23407,1.4781,144.95,24.866,0.172,0.14848,1,"WMa,TruStrain™"
,,,,,,,,,,,
Interval and data points:,4,25,,,,,,,,,
Interval data:,Point No.,Time,Shear Strain,Complex Viscosity,Shear Stress,Storage Modulus,Loss Modulus,Loss Factor,Torque,Frequency,Status
,,,,Fundamental,,,,,,,
,,[s],[1],[mPa·s],[Pa],[Pa],[Pa],[1],[µN·m],[Hz],
,1,82.53,0.0161,1.4931E+07,1508.6,72919,59027,0.809,151.54,1,"WMa,TruStrain™"
,2,82.65,0.203,1.4285E+06,1817.9,2920.2,8487.4,2.906,182.62,1,"WMa,TruStrain™"
,3,82.78,0.492,7.0121E+05,2169.4,332.51,4393.3,13.213,217.93,1,"WMa,TruStrain™"
,4,82.94,0.941,4.1298E+05,2440.8,0.12974,2594.8,20000,245.19,1,"ME-,WMa,taD,TruStrain™"
,5,83.13,1.45,3.263E+05,2975.1,289.08,2029.7,7.021,298.87,1,"ME-,WMa,TruStrain™"
,6,83.34,2.16,2.6997E+05,3660.2,264.9,1675.5,6.325,367.69,1,"WMa,TruStrain™"
,7,83.59,2.96,1.0166E+05,1891.3,0.031937,638.73,20000,189.99,1,"ME-,WMa,taD,TruStrain™"
,8,83.89,3.21,39580,797.24,124.95,215.02,1.721,80.087,1,"WMa,TruStrain™"
,9,84.23,3.26,25996,532.88,29.608,160.63,5.425,53.53,1,"MV-,WMa,TruStrain™"
,10,84.63,3.02,42763,812.74,0.013434,268.69,20000,81.644,1,"ME-,MV-,WMa,taD,TruStrain™"
,11,85.09,2.87,24364,439.29,0.0076542,153.08,20000,44.129,1,"ME-,MV-,WMa,taD,TruStrain™"
,12,85.63,2.74,14017,241.04,6.1674,87.853,14.245,24.214,1,"MV-,WMa,TruStrain™"
,13,86.27,2.66,5800,97.085,12.526,34.222,2.732,9.7527,1,"MV-,WMa,TruStrain™"
,14,87,2.61,3839.8,62.897,17.398,16.715,0.961,6.3183,1,"MV-,WMa,TruStrain™"
,15,87.86,2.56,2504.5,40.239,14.585,5.9094,0.405,4.0422,1,"MV-,WMa,TruStrain™"
,16,88.87,2.54,2407.2,38.351,13.109,7.5437,0.575,3.8526,1,"WMa,TruStrain™"
,17,90.04,2.52,2774.9,43.927,11.828,12.809,1.083,4.4127,1,"WMa,TruStrain™"
,18,91.4,2.51,3213.7,50.752,11.98,16.254,1.357,5.0984,1,"WMa,TruStrain™"
,19,92.99,2.51,3360.3,53.048,11.663,17.599,1.509,5.3289,1,"WMa,TruStrain™"
,20,94.85,2.51,3402.1,53.71,11.513,18.01,1.564,5.3954,1,"WMa,TruStrain™"
,21,97.01,2.51,3410,53.834,11.701,17.949,1.534,5.4079,1,"WMa,TruStrain™"
,22,99.53,2.51,3405.2,53.758,11.593,17.982,1.551,5.4003,1,"WMa,TruStrain™"
,23,102.5,2.51,3348.5,52.862,11.61,17.545,1.511,5.3103,1,"WMa,TruStrain™"
,24,105.9,2.51,3312.8,52.3,11.484,17.361,1.512,5.2538,1,"WMa,TruStrain™"
,25,109.9,2.51,3279.3,51.771,11.419,17.151,1.502,5.2007,1,"WMa,TruStrain™"
,,,,,,,,,,,
Interval and data points:,5,25,,,,,,,,,
Interval data:,Point No.,Time,Shear Strain,Complex Viscosity,Shear Stress,Storage Modulus,Loss Modulus,Loss Factor,Torque,Frequency,Status
,,,,Fundamental,,,,,,,
,,[s],[1],[mPa·s],[Pa],[Pa],[Pa],[1],[µN·m],[Hz],
,1,110,2.5,91410,1437.2,0.028717,574.35,20000,144.37,1,"ME-,MV-,WMa,taD,TruStrain™"
,2,110.1,2.32,1.443E+05,2105,119.24,898.77,7.538,211.46,1,"ME-,MV-,WMa,TruStrain™"
,3,110.3,2.04,1.9158E+05,2453.9,343.47,1153.7,3.359,246.51,1,"MV-,WMa,TruStrain™"
,4,110.4,1.73,2.4135E+05,2620.2,600.56,1392.4,2.319,263.22,1,"MV-,WMa,TruStrain™"
,5,110.6,1.28,3.681E+05,2964.4,1176,1991.5,1.693,297.79,1,"MV-,WMa,TruStrain™"
,6,110.8,0.691,7.2401E+05,3143.1,3286,3145.9,0.957,315.74,1,"MV-,WMa,TruStrain™"
,7,111.1,0.391,5.8952E+05,1447.4,2251.5,2941.2,1.306,145.4,1,"MV-,WMa,TruStrain™"
,8,111.4,0.355,2.0684E+05,460.83,612.48,1146.2,1.872,46.293,1,"MV-,WMa,TruStrain™"
,9,111.7,0.214,6.6679E+05,897.44,2163.6,3587.7,1.658,90.153,1,"MV-,WMa,TruStrain™"
,10,112.1,0.0321,2.4128E+06,486.49,15134,883.45,0.058,48.871,1,"MV-,WMa,TruStrain™"
,11,112.6,0.00637,72959,2.9198,343.03,304.09,0.886,0.29331,1,"MV-,WMa,TruStrain™"
,12,113.1,0.00612,68799,2.647,208.4,378.73,1.817,0.26591,1,"MV-,WMa,TruStrain™"
,13,113.7,0.00804,1.3143E+05,6.6402,79.311,821.98,10.364,0.66705,1,"WMa,TruStrain™"
,14,114.5,0.0101,46904,2.9811,104.1,275.71,2.648,0.29947,1,"WMa,TruStrain™"
,15,115.3,0.0107,20729,1.3906,128.84,19.053,0.148,0.1397,1,"WMa,TruStrain™"
,16,116.3,0.0103,21064,1.3619,131.8,12.016,0.091,0.13681,1,"MV-,WMa,TruStrain™"
,17,117.5,0.0102,24543,1.5678,153.75,11.891,0.077,0.1575,1,"MV-,WMa,TruStrain™"
,18,118.9,0.0101,24558,1.5562,153.45,16.158,0.105,0.15633,1,"WMa,TruStrain™"
,19,120.5,0.0101,23528,1.4871,145.93,23.654,0.162,0.14938,1,"WMa,TruStrain™"
,20,122.3,0.0101,23301,1.4717,144.44,23.907,0.166,0.14784,1,"WMa,TruStrain™"
,21,124.5,0.0101,23597,1.4902,146.66,21.754,0.148,0.14969,1,"WMa,TruStrain™"
,22,127,0.0101,23310,1.472,144.65,22.932,0.159,0.14787,1,"WMa,TruStrain™"
,23,129.9,0.0101,24887,1.5715,154.06,26.748,0.174,0.15787,1,"WMa,TruStrain™"
,24,133.4,0.0101,24602,1.5536,152.69,24.096,0.158,0.15607,1,"WMa,TruStrain™"
,25,137.4,0.0101,24231,1.5301,150.27,24.451,0.163,0.15371,1,"WMa,TruStrain™"
,,,,,,,,,,,
Result:,Amplitude sweep,,,,,,,,,,
,,,,,,,,,,,
Interval and data points:,1,25,,,,,,,,,
Interval data:,Point No.,Time,Shear Strain,Complex Viscosity,Shear Stress,Storage Modulus,Loss Modulus,Loss Factor,Torque,Frequency,Status
,,,,Fundamental,,,,,,,
,,[s],[1],[mPa·s],[Pa],[Pa],[Pa],[1],[µN·m],[Hz],
,1,14.27,0.0001,55725,0.035177,334.47,103.53,0.31,0.0035337,1,"MV-,TruStrain™"
,2,32.1,0.000153,74127,0.071423,447.56,128.89,0.288,0.0071748,1,TruStrain™
,3,49.42,0.000234,57182,0.083982,352.21,70.94,0.201,0.0084364,1,TruStrain™
,4,67.19,0.000356,34434,0.077109,196.25,91.074,0.464,0.0077461,1,TruStrain™
,5,84.7,0.000543,38670,0.13204,230.25,77.569,0.337,0.013264,1,TruStrain™
,6,102.2,0.000829,36660,0.1909,227.37,36.892,0.162,0.019177,1,TruStrain™
,7,119.5,0.00126,37093,0.29454,229.14,42.584,0.186,0.029588,1,TruStrain™
,8,137,0.00193,34917,0.4228,217.52,28.61,0.132,0.042473,1,TruStrain™
,9,154.6,0.00294,31371,0.57925,194.67,30.934,0.159,0.058188,1,TruStrain™
,10,171.9,0.00448,31083,0.87524,193.07,29.467,0.153,0.087922,1,TruStrain™
,11,189.8,0.00683,29585,1.2703,184.53,22.429,0.122,0.12761,1,TruStrain™
,12,207.8,0.0104,28655,1.8762,178.75,21.576,0.121,0.18848,1,TruStrain™
,13,225.7,0.0159,28675,2.8631,177.94,28.231,0.159,0.28762,1,TruStrain™
,14,243.1,0.0242,28619,4.3575,178.44,22.212,0.124,0.43774,1,TruStrain™
,15,260.4,0.037,28544,6.6273,177.97,22.163,0.125,0.66575,1,TruStrain™
,16,278.2,0.0564,28550,10.108,178.01,22.166,0.125,1.0154,1,TruStrain™
,17,295.8,0.0859,28303,15.281,176.28,23.488,0.133,1.5351,1,TruStrain™
,18,313.7,0.131,26689,21.974,165.56,26.675,0.161,2.2074,1,TruStrain™
,19,331,0.2,23286,29.236,141.58,36.906,0.261,2.9369,1,TruStrain™
,20,348.6,0.305,18016,34.491,103.29,46.306,0.448,3.4649,1,TruStrain™
,21,365.9,0.465,13701,40.002,72.061,47.1,0.654,4.0185,1,TruStrain™
,22,383.8,0.709,10184,45.341,46.425,44.039,0.949,4.5548,1,TruStrain™
,23,401.8,1.08,7468.2,50.702,29.423,36.553,1.242,5.0933,1,TruStrain™
,24,419.8,1.65,5292,54.786,17.886,28.03,1.567,5.5036,1,TruStrain™
,25,437.5,2.51,3731,58.902,11.115,20.64,1.857,5.917,1,TruStrain™
,,,,,,,,,,,
Result:,Measurement 1,,,,,,,,,,
,,,,,,,,,,,
Interval and data points:,1,15,,,,,,,,,
Interval data:,Point No.,Time,Shear Strain,Complex Viscosity,Shear Stress,Storage Modulus,Loss Modulus,Loss Factor,Torque,Frequency,Status
,,,,Fundamental,,,,,,,
,,[s],[1],[mPa·s],[Pa],[Pa],[Pa],[1],[µN·m],[Hz],
,1,1,0.00998,8243.2,1.0343,0.0051793,103.59,20000,0.1039,2,"ME-,WMa,TruStrain™"
,2,2,0.01,33225,4.1752,417.44,7.9894,0.019,0.41942,2,"MV-,WMa,TruStrain™"
,3,3,0.01,26307,3.306,298.79,141.44,0.473,0.33211,2,"MV-,WMa,TruStrain™"
,4,4,0.01,20562,2.5892,256.33,32.573,0.127,0.2601,2,"WMa,TruStrain™"
,5,5,0.01,21111,2.6621,258.08,61.409,0.238,0.26742,2,"WMa,TruStrain™"
,6,6,0.01,20537,2.5916,254.4,43.347,0.17,0.26034,2,"WMa,TruStrain™"
,7,7,0.01,20578,2.5979,254.13,47.821,0.188,0.26097,2,"WMa,TruStrain™"
,8,8,0.01,20685,2.6119,255.05,50.146,0.197,0.26238,2,"WMa,TruStrain™"
,9,9,0.01,20383,2.574,252.23,44.56,0.177,0.25857,2,"WMa,TruStrain™"
,10,10,0.01,20298,2.5634,251.29,43.741,0.174,0.25751,2,"WMa,TruStrain™"
,11,11,0.0101,20642,2.607,255.11,46.941,0.184,0.26189,2,"WMa,TruStrain™"
,12,12,0.0101,21152,2.6714,262.32,42.916,0.164,0.26836,2,"WMa,TruStrain™"
,13,13,0.0101,20930,2.6434,258.5,48.556,0.188,0.26554,2,"WMa,TruStrain™"
,14,14,0.0101,20640,2.6069,255.27,45.97,0.18,0.26188,2,"WMa,TruStrain™"
,15,15,0.0101,20950,2.646,258.94,47.58,0.184,0.2658,2,"WMa,TruStrain™"
,,,,,,,,,,,
Interval and data points:,2,95,,,,,,,,,
Interval data:,Point No.,Time,Shear Strain,Complex Viscosity,Shear Stress,Storage Modulus,Loss Modulus,Loss Factor,Torque,Frequency,Status
,,,,Fundamental,,,,,,,
,,[s],[1],[mPa·s],[Pa],[Pa],[Pa],[1],[µN·m],[Hz],
,1,15.1,0.01,22884,2.89,279.2,68.892,0.247,0.29031,2,"WMa,TruStrain™"
,2,15.21,0.0101,19957,2.5207,249.8,22.241,0.089,0.25321,2,"WMa,TruStrain™"
,3,15.31,0.01,22130,2.7948,269.51,68.565,0.254,0.28075,2,"WMa,TruStrain™"
,4,15.42,0.0101,20844,2.6325,258.86,40.008,0.155,0.26445,2,"WMa,TruStrain™"
,5,15.54,0.01,23002,2.9049,275.61,87.114,0.316,0.29181,2,"WMa,TruStrain™"
,6,15.65,0.01,24315,3.0706,301.19,51.449,0.171,0.30846,2,"WMa,TruStrain™"
,7,15.77,0.0101,22061,2.7863,262.49,89.187,0.34,0.27989,2,"WMa,TruStrain™"
,8,15.9,0.01,23713,2.9947,284.45,88.817,0.312,0.30084,2,"WMa,TruStrain™"
,9,16.03,0.0101,21819,2.7558,264.55,72.065,0.272,0.27683,2,"WMa,TruStrain™"
,10,16.16,0.01,23843,3.011,282.47,99.946,0.354,0.30247,2,"WMa,TruStrain™"
,11,16.3,0.01,24833,3.1359,304.25,69.409,0.228,0.31502,2,"WMa,TruStrain™"
,12,16.44,0.01,22902,2.8922,284.28,44.798,0.158,0.29054,2,"WMa,TruStrain™"
,13,16.59,0.0101,21619,2.7304,265.12,59.316,0.224,0.27428,2,"WMa,TruStrain™"
,14,16.74,0.01,22783,2.8774,279.61,61.576,0.22,0.28905,2,"WMa,TruStrain™"
,15,16.9,0.0101,23127,2.9209,288.24,37.177,0.129,0.29342,2,"WMa,TruStrain™"
,16,17.06,0.0101,21499,2.7155,269.18,23.05,0.086,0.27279,2,"WMa,TruStrain™"
,17,17.22,0.0101,20725,2.6179,259.08,26.572,0.103,0.26298,2,"WMa,TruStrain™"
,18,17.4,0.0101,18942,2.3927,232.41,51.422,0.221,0.24036,2,"WMa,TruStrain™"
,19,17.57,0.0101,19772,2.4973,240.05,64.102,0.267,0.25086,2,"WMa,TruStrain™"
,20,17.76,0.01,21591,2.7268,260.43,76.128,0.292,0.27392,2,"WMa,TruStrain™"
,21,17.95,0.01,22899,2.8916,278.88,70.901,0.254,0.29048,2,"WMa,TruStrain™"
,22,18.14,0.01,24877,3.1411,302.35,79.447,0.263,0.31554,2,"WMa,TruStrain™"
,23,18.34,0.01,26349,3.3272,322.7,74.174,0.23,0.33424,2,"WMa,TruStrain™"
,24,18.55,0.01,25652,3.2396,316.88,59.128,0.187,0.32543,2,"WMa,TruStrain™"
,25,18.77,0.0101,25299,3.1952,314.92,43.489,0.138,0.32098,2,"MV-,WMa,TruStrain™"
,26,18.99,0.0101,25016,3.1599,310.4,49.688,0.16,0.31743,2,"MV-,WMa,TruStrain™"
,27,19.22,0.0101,24589,3.1061,303.76,56.63,0.186,0.31203,2,"WMa,TruStrain™"
,28,19.45,0.0101,23711,2.9954,293.24,52.823,0.18,0.3009,2,"WMa,TruStrain™"
,29,19.7,0.0101,24325,3.0728,301.14,52.507,0.174,0.30868,2,"WMa,TruStrain™"
,30,19.95,0.0101,25850,3.2647,320.27,54.31,0.17,0.32796,2,"WMa,TruStrain™"
,31,20.21,0.01,24447,3.0872,302.95,50.943,0.168,0.31013,2,"WMa,TruStrain™"
,32,20.48,0.0101,21790,2.7522,270.81,40.496,0.15,0.27647,2,"WMa,TruStrain™"
,33,20.75,0.0101,22309,2.8177,277.24,41.64,0.15,0.28305,2,"WMa,TruStrain™"
,34,21.04,0.01,23110,2.9184,287.37,41.913,0.146,0.29317,2,"WMa,TruStrain™"
,35,21.34,0.0101,22568,2.8501,278.65,52.706,0.189,0.28631,2,"WMa,TruStrain™"
,36,21.64,0.01,26049,3.2894,323.69,48.787,0.151,0.33044,2,"WMa,TruStrain™"
,37,21.96,0.0101,22999,2.9049,288.52,16.953,0.059,0.29181,2,"WMa,TruStrain™"
,38,22.28,0.0101,23803,3.0061,294.02,54.955,0.187,0.30198,2,"WMa,TruStrain™"
,39,22.62,0.01,24944,3.1501,309.74,48.122,0.155,0.31645,2,"WMa,TruStrain™"
,40,22.96,0.0101,20521,2.5918,249.44,65.396,0.262,0.26036,2,"MV-,WMa,TruStrain™"
,41,23.32,0.01,34534,4.3595,406.63,151.6,0.373,0.43794,2,"WMa,TruStrain™"
,42,23.69,0.01,35352,4.4636,440.33,58.896,0.134,0.4484,2,"MV-,WMa,TruStrain™"
,43,24.07,0.0101,18454,2.3326,216.27,83.689,0.387,0.23433,2,"MV-,WMa,TruStrain™"
,44,24.47,0.0101,19833,2.5061,234.36,84.788,0.362,0.25175,2,"WMa,TruStrain™"
,45,24.87,0.01,26985,3.4065,332.07,68.69,0.207,0.3422,2,"WMa,TruStrain™"
,46,25.29,0.01,24071,3.0399,299.32,43.608,0.146,0.30537,2,"WMa,TruStrain™"
,47,25.73,0.0101,23821,3.0087,295.95,44.923,0.152,0.30224,2,"WMa,TruStrain™"
,48,26.17,0.01,25366,3.2035,315.13,48.018,0.152,0.32181,2,"WMa,TruStrain™"
,49,26.63,0.0101,25471,3.2168,317.1,43.556,0.137,0.32315,2,"WMa,TruStrain™"
,50,27.11,0.0101,25054,3.1643,312.02,42.052,0.135,0.31787,2,"WMa,TruStrain™"
,51,27.6,0.0101,25402,3.2082,315.84,46.257,0.146,0.32228,2,"WMa,TruStrain™"
,52,28.11,0.0101,26227,3.3123,325.08,54.269,0.167,0.33274,2,"WMa,TruStrain™"
,53,28.64,0.0101,25667,3.2417,319.75,42.329,0.132,0.32565,2,"WMa,TruStrain™"
,54,29.18,0.0101,25352,3.2019,315.61,43.47,0.138,0.32165,2,"WMa,TruStrain™"
,55,29.74,0.0101,24925,3.1479,310.1,44.023,0.142,0.31623,2,"WMa,TruStrain™"
,56,30.31,0.01,26075,3.293,325.14,40.566,0.125,0.3308,2,"WMa,TruStrain™"
,57,30.91,0.0101,26970,3.4061,335.11,50.642,0.151,0.34217,2,"WMa,TruStrain™"
,58,31.52,0.0101,25962,3.2789,323.26,44.042,0.136,0.32939,2,"WMa,TruStrain™"
,59,32.16,0.0101,26038,3.2886,324.25,43.898,0.135,0.33036,2,"WMa,TruStrain™"
,60,32.81,0.0101,26320,3.3241,327.29,47.652,0.146,0.33392,2,"WMa,TruStrain™"
,61,33.49,0.0101,26126,3.2995,325.94,39.307,0.121,0.33146,2,"WMa,TruStrain™"
,62,34.19,0.0101,26374,3.331,328.68,42.531,0.129,0.33461,2,"WMa,TruStrain™"
,63,34.91,0.0101,26305,3.3223,327.92,41.673,0.127,0.33374,2,"WMa,TruStrain™"
,64,35.66,0.0101,26555,3.3538,331.33,39.706,0.12,0.3369,2,"WMa,TruStrain™"
,65,36.42,0.0101,26807,3.3856,334.13,42.835,0.128,0.3401,2,"WMa,TruStrain™"
,66,37.22,0.0101,27125,3.4257,338.31,41.615,0.123,0.34413,2,"WMa,TruStrain™"
,67,38.04,0.0101,27148,3.4288,338.48,42.645,0.126,0.34444,2,"WMa,TruStrain™"
,68,38.88,0.0101,27743,3.5039,341.15,71.836,0.211,0.35198,2,"WMa,TruStrain™"
,69,39.76,0.01,26397,3.3336,324.28,69.816,0.215,0.33488,2,"WMa,TruStrain™"
,70,40.66,0.0101,26391,3.3331,329.08,41.097,0.125,0.33482,2,"WMa,TruStrain™"
,71,41.59,0.0101,27707,3.4993,344.16,52.673,0.153,0.35152,2,"WMa,TruStrain™"
,72,42.55,0.0101,26280,3.3191,328.69,31.929,0.097,0.33342,2,"WMa,TruStrain™"
,73,43.54,0.0101,27976,3.5333,348.21,48.396,0.139,0.35494,2,"WMa,TruStrain™"
,74,44.57,0.0101,27895,3.5232,348.03,41.942,0.121,0.35392,2,"WMa,TruStrain™"
,75,45.62,0.0101,27771,3.5075,346.8,39,0.112,0.35235,2,"WMa,TruStrain™"
,76,46.72,0.01,28217,3.5636,351.75,44.775,0.127,0.35798,2,"WMa,TruStrain™"
,77,47.84,0.0101,27844,3.5165,347.36,42.055,0.121,0.35326,2,"WMa,TruStrain™"
,78,49.01,0.0101,28012,3.5378,350.39,33.689,0.096,0.35539,2,"WMa,TruStrain™"
,79,50.21,0.0101,28491,3.5982,355.33,43.796,0.123,0.36146,2,"WMa,TruStrain™"
,80,51.45,0.0101,28876,3.647,360.46,41.747,0.116,0.36636,2,"WMa,TruStrain™"
,81,52.73,0.0101,28337,3.579,353.33,44.259,0.125,0.35953,2,"WMa,TruStrain™"
,82,54.05,0.0101,28627,3.6155,357.52,39.972,0.112,0.3632,2,"WMa,TruStrain™"
,83,55.41,0.0101,28507,3.6003,356.04,39.565,0.111,0.36167,2,"WMa,TruStrain™"
,84,56.82,0.0101,28467,3.5953,355.56,39.319,0.111,0.36117,2,"WMa,TruStrain™"
,85,58.28,0.0101,28542,3.6048,356.37,40.556,0.114,0.36212,2,"WMa,TruStrain™"
,86,59.78,0.0101,28708,3.6257,357.95,44.918,0.125,0.36422,2,"WMa,TruStrain™"
,87,61.33,0.0101,30613,3.8663,378.11,70.826,0.187,0.38839,2,"WMa,TruStrain™"
,88,62.93,0.0101,29408,3.7141,365.31,55.821,0.153,0.3731,2,"WMa,TruStrain™"
,89,64.58,0.0101,27835,3.5155,348.75,26.872,0.077,0.35316,2,"WMa,TruStrain™"
,90,66.28,0.0101,29738,3.7558,370.9,45.688,0.123,0.37729,2,"WMa,TruStrain™"
,91,68.04,0.0101,28610,3.6135,357.4,38.96,0.109,0.36299,2,"WMa,TruStrain™"
,92,69.86,0.0101,29425,3.7164,367.7,39.049,0.106,0.37333,2,"WMa,TruStrain™"
,93,71.74,0.0101,29317,3.7026,366.06,41.55,0.114,0.37195,2,"WMa,TruStrain™"
,94,73.68,0.0101,29369,3.7093,366.2,45.952,0.125,0.37262,2,"WMa,TruStrain™"
,95,75.68,0.0101,29821,3.7663,372.02,45.117,0.121,0.37835,2,"WMa,TruStrain™"
,,,,,,,,,,,
Interval and data points:,3,15,,,,,,,,,
Interval data:,Point No.,Time,Shear Strain,Complex Viscosity,Shear Stress,Storage Modulus,Loss Modulus,Loss Factor,Torque,Frequency,Status
,,,,Fundamental,,,,,,,
,,[s],[1],[mPa·s],[Pa],[Pa],[Pa],[1],[µN·m],[Hz],
,1,76.68,0.0101,30033,3.7931,375.35,39.382,0.105,0.38104,2,"WMa,TruStrain™"
,2,77.68,0.0101,28929,3.6538,361.62,37.234,0.103,0.36705,2,"WMa,TruStrain™"
,3,78.68,0.0101,30328,3.8304,378.18,47.137,0.125,0.38478,2,"WMa,TruStrain™"
,4,79.68,0.0101,30069,3.7975,376.17,35.689,0.095,0.38148,2,"WMa,TruStrain™"
,5,80.68,0.0101,30056,3.796,374.82,46.557,0.124,0.38133,2,"WMa,TruStrain™"
,6,81.68,0.0101,29290,3.6993,365.29,45.185,0.124,0.37161,2,"WMa,TruStrain™"
,7,82.68,0.0101,30218,3.8164,377.52,40.909,0.108,0.38338,2,"WMa,TruStrain™"
,8,83.68,0.0101,30335,3.8312,378.92,41.567,0.11,0.38486,2,"WMa,TruStrain™"
,9,84.68,0.0101,29155,3.6823,364.13,40.483,0.111,0.3699,2,"WMa,TruStrain™"
,10,85.68,0.0101,30619,3.8669,382.69,39.899,0.104,0.38846,2,"WMa,TruStrain™"
,11,86.68,0.0101,29945,3.7818,373.72,43.948,0.118,0.3799,2,"WMa,TruStrain™"
,12,87.68,0.0101,30017,3.7909,375.22,38.597,0.103,0.38082,2,"WMa,TruStrain™"
,13,88.68,0.0101,30524,3.8551,381.37,41.092,0.108,0.38727,2,"WMa,TruStrain™"
,14,89.68,0.0101,30537,3.8568,381.43,42.094,0.11,0.38744,2,"WMa,TruStrain™"
,15,90.68,0.0101,30492,3.8511,380.8,42.617,0.112,0.38686,2,"WMa,TruStrain™"
,,,,,,,,,,,
Test:,Test_r2,,,,,,,,,,
,,,,,,,,,,,
Result:,Stress Relaxation 2,,,,,,,,,,
,,,,,,,,,,,
Interval and data points:,1,25,,,,,,,,,
Interval data:,Point No.,Time,Shear Strain,Complex Viscosity,Shear Stress,Storage Modulus,Loss Modulus,Loss Factor,Torque,Frequency,Status
,,,,Fundamental,,,,,,,
,,[s],[1],[mPa·s],[Pa],[Pa],[Pa],[1],[µN·m],[Hz],
,1,0.1,9E-05,3.865E+07,21.862,12.142,2.4284E+05,20000,2.1962,1,"ME-,WMa,taD,TruStrain™"
,2,0.217,0.00111,6.6579E+06,46.499,2.0917,41833,20000,4.6711,1,"ME-,WMa,taD,TruStrain™"
,3,0.353,0.00229,3.4856E+06,50.133,1.095,21901,20000,5.0361,1,"ME-,WMa,taD,TruStrain™"
,4,0.512,0.00366,2.1112E+06,48.51,0.66324,13265,20000,4.8731,1,"ME-,WMa,taD,TruStrain™"
,5,0.697,0.00551,1.3062E+06,45.231,0.41035,8206.9,20000,4.5437,1,"ME-,WMa,taD,TruStrain™"
,6,0.912,0.00828,8.2294E+05,42.825,0.25853,5170.7,20000,4.302,1,"ME-,WMa,taD,TruStrain™"
,7,1.164,0.0109,1.52E+05,10.378,0.047754,955.07,20000,1.0425,1,"ME-,WMa,TruStrain™"
,8,1.457,0.0111,93521,6.5424,249.18,532.16,2.136,0.65722,1,"MV-,WMa,TruStrain™"
,9,1.799,0.011,30415,2.0962,0.0095552,191.1,20000,0.21058,1,"ME-,MV-,WMa,taD,TruStrain™"
,10,2.198,0.0101,23416,1.4791,146.06,17.699,0.121,0.14859,1,"ME-,MV-,WMa,TruStrain™"
,11,2.663,0.01,25594,1.6081,157.01,34.756,0.221,0.16154,1,"WMa,TruStrain™"
,12,3.205,0.01,22294,1.401,138.95,17.743,0.128,0.14074,1,"WMa,TruStrain™"
,13,3.838,0.01,22128,1.392,135.61,30.665,0.226,0.13983,1,"WMa,TruStrain™"
,14,4.575,0.01,23413,1.4752,146.23,16.026,0.11,0.14819,1,"WMa,TruStrain™"
,15,5.435,0.01,22260,1.4044,137.78,24.032,0.174,0.14108,1,"WMa,TruStrain™"
,16,6.438,0.01,17277,1.0905,106.99,18.351,0.172,0.10955,1,"WMa,TruStrain™"
,17,7.608,0.01,24877,1.5707,154.7,22.369,0.145,0.15778,1,"WMa,TruStrain™"
,18,8.972,0.0101,23322,1.4727,143.77,28.331,0.197,0.14794,1,"WMa,TruStrain™"
,19,10.56,0.0101,23071,1.4569,142.8,24.931,0.175,0.14635,1,"WMa,TruStrain™"
,20,12.42,0.0101,22811,1.4405,141.47,22.99,0.163,0.14471,1,"WMa,TruStrain™"
,21,14.58,0.0101,23386,1.4768,144.99,23.865,0.165,0.14835,1,"WMa,TruStrain™"
,22,17.1,0.0101,22860,1.4435,141.92,22.108,0.156,0.14501,1,"WMa,TruStrain™"
,23,20.04,0.0101,22906,1.4465,142.22,22.075,0.155,0.14531,1,"WMa,TruStrain™"
,24,23.47,0.0101,23592,1.4898,146.32,23.77,0.162,0.14966,1,"WMa,TruStrain™"
,25,27.47,0.0101,23240,1.4676,143.67,26.125,0.182,0.14743,1,"WMa,TruStrain™"
,,,,,,,,,,,
Interval and data points:,2,25,,,,,,,,,
Interval data:,Point No.,Time,Shear Strain,Complex Viscosity,Shear Stress,Storage Modulus,Loss Modulus,Loss Factor,Torque,Frequency,Status
,,,,Fundamental,,,,,,,
,,[s],[1],[mPa·s],[Pa],[Pa],[Pa],[1],[µN·m],[Hz],
,1,27.58,0.0191,6.1456E+06,738.8,29740,24629,0.828,74.217,1,"WMa,TruStrain™"
,2,27.69,0.124,1.7914E+06,1400.6,4894.6,10136,2.071,140.69,1,"WMa,TruStrain™"
,3,27.83,0.442,6.7933E+05,1888.6,0.21342,4268.4,20000,189.73,1,"ME-,WMa,taD,TruStrain™"
,4,27.99,0.791,4.089E+05,2032.3,0.12846,2569.2,20000,204.16,1,"ME-,WMa,taD,TruStrain™"
,5,28.17,1.29,2.9545E+05,2392.9,92.711,1854.1,19.998,240.38,1,"ME-,WMa,TruStrain™"
,6,28.39,2.01,2.3801E+05,3012,93.392,1492.5,15.981,302.57,1,"WMa,TruStrain™"
,7,28.64,2.91,1.0919E+05,1998.8,0.034302,686.04,20000,200.79,1,"ME-,WMa,taD,TruStrain™"
,8,28.93,3.28,38098,784.78,98.888,218,2.204,78.836,1,"WMa,TruStrain™"
,9,29.28,3.44,10274,222.09,41.729,49.251,1.18,22.31,1,"MV-,WMa,TruStrain™"
,10,29.67,3.17,30808,612.9,15.183,192.98,12.71,61.57,1,"MV-,WMa,TruStrain™"
,11,30.14,2.97,21220,396.33,1.3514,133.32,98.653,39.814,1,"MV-,WMa,TruStrain™"
,12,30.68,2.82,12276,217.55,9.09,76.595,8.426,21.854,1,"MV-,WMa,TruStrain™"
,13,31.31,2.73,5342.2,91.476,9.6734,32.142,3.323,9.1893,1,"MV-,WMa,TruStrain™"
,14,32.05,2.66,3491.8,58.325,13.371,17.394,1.301,5.8591,1,"MV-,WMa,TruStrain™"
,15,32.91,2.59,2678,43.502,13.581,9.933,0.731,4.37,1,"MV-,WMa,TruStrain™"
,16,33.91,2.55,1917.1,30.749,11.688,2.913,0.249,3.0889,1,"MV-,WMa,TruStrain™"
,17,35.08,2.53,2274.5,36.09,10.588,9.599,0.907,3.6254,1,"WMa,TruStrain™"
,18,36.45,2.51,2747.7,43.418,10.462,13.733,1.313,4.3616,1,"WMa,TruStrain™"
,19,38.04,2.51,2814.5,44.435,10.169,14.468,1.423,4.4638,1,"WMa,TruStrain™"
,20,39.89,2.51,2793.7,44.107,9.9541,14.458,1.453,4.4308,1,"WMa,TruStrain™"
,21,42.06,2.51,2795.5,44.134,9.9677,14.463,1.451,4.4335,1,"WMa,TruStrain™"
,22,44.58,2.51,2750.8,43.427,9.7311,14.284,1.468,4.3624,1,"WMa,TruStrain™"
,23,47.52,2.51,2731.1,43.117,9.7217,14.141,1.455,4.3313,1,"WMa,TruStrain™"
,24,50.95,2.51,2708.7,42.763,9.6036,14.051,1.463,4.2958,1,"WMa,TruStrain™"
,25,54.95,2.51,2678.6,42.287,9.4579,13.921,1.472,4.2479,1,"WMa,TruStrain™"
,,,,,,,,,,,
Interval and data points:,3,25,,,,,,,,,
Interval data:,Point No.,Time,Shear Strain,Complex Viscosity,Shear Stress,Storage Modulus,Loss Modulus,Loss Factor,Torque,Frequency,Status
,,,,Fundamental,,,,,,,
,,[s],[1],[mPa·s],[Pa],[Pa],[Pa],[1],[µN·m],[Hz],
,1,55.05,2.51,40132,634.08,252.16,0.012608,0,63.697,1,"ME-,MV-,WMa,taD,TruStrain™"
,2,55.17,2.43,1.0043E+05,1531,22.337,630.65,28.233,153.8,1,"ME-,MV-,WMa,TruStrain™"
,3,55.31,2.15,1.5363E+05,2078.8,302.56,916.63,3.03,208.83,1,"MV-,WMa,TruStrain™"
,4,55.46,1.74,2.0714E+05,2260.2,549.05,1180,2.149,227.05,1,"MV-,WMa,TruStrain™"
,5,55.65,1.29,3.0768E+05,2492.1,1010.1,1648.3,1.632,250.34,1,"MV-,WMa,TruStrain™"
,6,55.86,0.733,5.7414E+05,2644.4,2518.6,2582.6,1.025,265.65,1,"MV-,WMa,TruStrain™"
,7,56.12,0.374,6.7491E+05,1586.7,2087.1,3691.4,1.769,159.39,1,"MV-,WMa,TruStrain™"
,8,56.41,0.36,1.4467E+05,327.32,702.05,577.36,0.822,32.881,1,"MV-,WMa,TruStrain™"
,9,56.75,0.254,3.9281E+05,627.41,1815.1,1672.5,0.921,63.027,1,"MV-,WMa,TruStrain™"
,10,57.15,0.0552,9.5555E+05,331.4,5999.3,233.58,0.039,33.291,1,"MV-,WMa,TruStrain™"
,11,57.62,0.00638,26653,1.0683,146.41,81.304,0.555,0.10731,1,"MV-,WMa,TruStrain™"
,12,58.16,0.00587,50735,1.8725,229.66,221.07,0.963,0.1881,1,"MV-,WMa,TruStrain™"
,13,58.79,0.00793,93338,4.6479,19.713,586.13,29.733,0.46691,1,"WMa,TruStrain™"
,14,59.53,0.0102,34965,2.2448,89.35,200.7,2.246,0.2255,1,"WMa,TruStrain™"
,15,60.39,0.0108,18236,1.2357,112.89,19.642,0.174,0.12414,1,"WMa,TruStrain™"
,16,61.39,0.0104,20942,1.369,131.23,9.6609,0.074,0.13752,1,"MV-,WMa,TruStrain™"
,17,62.56,0.0102,22053,1.4161,138.22,9.7703,0.071,0.14226,1,"WMa,TruStrain™"
,18,63.92,0.0101,20749,1.3171,129.9,11.107,0.086,0.13231,1,"WMa,TruStrain™"
,19,65.51,0.0101,21489,1.3587,134.27,14.236,0.106,0.13649,1,"WMa,TruStrain™"
,20,67.37,0.0101,21595,1.3641,134.48,18.073,0.134,0.13703,1,"WMa,TruStrain™"
,21,69.53,0.0101,22340,1.4108,138.94,19.933,0.143,0.14172,1,"WMa,TruStrain™"
,22,72.05,0.0101,22096,1.3953,137.09,21.923,0.16,0.14017,1,"WMa,TruStrain™"
,23,75,0.0101,22369,1.4126,138.92,21.315,0.153,0.1419,1,"WMa,TruStrain™"
,24,78.43,0.0101,22603,1.4273,140.98,17.106,0.121,0.14338,1,"WMa,TruStrain™"
,25,82.43,0.0101,22280,1.407,138.74,18.643,0.134,0.14134,1,"WMa,TruStrain™"
,,,,,,,,,,,
Interval and data points:,4,25,,,,,,,,,
Interval data:,Point No.,Time,Shear Strain,Complex Viscosity,Shear Stress,Storage Modulus,Loss Modulus,Loss Factor,Torque,Frequency,Status
,,,,Fundamental,,,,,,,
,,[s],[1],[mPa·s],[Pa],[Pa],[Pa],[1],[µN·m],[Hz],
,1,82.53,0.0144,9.9992E+06,906.23,3.1413,62827,20000,91.036,1,"ME-,WMa,taD,TruStrain™"
,2,82.65,0.0974,2.7366E+06,1675.6,46.748,17195,367.818,168.32,1,"ME-,WMa,taD,TruStrain™"
,3,82.78,0.392,9.2278E+05,2272.5,0.2899,5798,20000,228.28,1,"ME-,WMa,taD,TruStrain™"
,4,82.94,0.696,5.442E+05,2379.5,0.17096,3419.3,20000,239.04,1,"ME-,WMa,taD,TruStrain™"
,5,83.13,1.16,3.6299E+05,2655,0.11404,2280.8,20000,266.71,1,"ME-,WMa,taD,TruStrain™"
,6,83.34,1.93,2.7804E+05,3380.3,0.087347,1746.9,20000,339.57,1,"ME-,WMa,taD,TruStrain™"
,7,83.59,2.85,1.4417E+05,2583.5,0.045292,905.84,20000,259.53,1,"ME-,WMa,taD,TruStrain™"
,8,83.89,3.29,47322,978.48,88.087,283.99,3.224,98.294,1,"ME-,WMa,TruStrain™"
,9,84.23,3.53,10406,230.89,58.167,29.855,0.513,23.194,1,"WMa,TruStrain™"
,10,84.63,3.3,28768,596.93,48.148,174.22,3.618,59.965,1,"MV-,WMa,TruStrain™"
,11,85.09,3.07,23638,455.28,13.715,147.89,10.782,45.736,1,"MV-,WMa,TruStrain™"
,12,85.63,2.89,14076,255.81,13.972,87.333,6.25,25.698,1,"MV-,WMa,TruStrain™"
,13,86.27,2.78,7185.7,125.31,7.9581,44.442,5.585,12.588,1,"MV-,WMa,TruStrain™"
,14,87,2.7,4390.6,74.616,10.533,25.497,2.421,7.4956,1,"MV-,WMa,TruStrain™"
,15,87.86,2.62,3458.5,56.895,12.518,17.762,1.419,5.7155,1,"MV-,WMa,TruStrain™"
,16,88.87,2.57,1722.1,27.806,10.431,2.8784,0.276,2.7933,1,"MV-,WMa,TruStrain™"
,17,90.04,2.53,1832.7,29.147,9.5964,6.3643,0.663,2.928,1,"WMa,TruStrain™"
,18,91.4,2.52,2405.2,38.031,9.3493,11.873,1.27,3.8204,1,"WMa,TruStrain™"
,19,92.99,2.51,2611,41.226,9.2926,13.52,1.455,4.1414,1,"WMa,TruStrain™"
,20,94.85,2.51,2640.6,41.689,9.2275,13.788,1.494,4.1879,1,"WMa,TruStrain™"
,21,97.01,2.51,2637.5,41.639,9.248,13.752,1.487,4.1829,1,"WMa,TruStrain™"
,22,99.53,2.51,2631.6,41.546,9.2474,13.707,1.482,4.1735,1,"WMa,TruStrain™"
,23,102.5,2.51,2644.6,41.751,9.2076,13.832,1.502,4.1941,1,"WMa,TruStrain™"
,24,105.9,2.51,2655.6,41.923,9.2404,13.893,1.504,4.2114,1,"WMa,TruStrain™"
,25,109.9,2.51,2641.9,41.708,9.1868,13.826,1.505,4.1898,1,"WMa,TruStrain™"
,,,,,,,,,,,
Interval and data points:,5,25,,,,,,,,,
Interval data:,Point No.,Time,Shear Strain,Complex Viscosity,Shear Stress,Storage Modulus,Loss Modulus,Loss Factor,Torque,Frequency,Status
,,,,Fundamental,,,,,,,
,,[s],[1],[mPa·s],[Pa],[Pa],[Pa],[1],[µN·m],[Hz],
,1,110,2.51,73266,1157.7,2.7955,460.33,164.671,116.3,1,"WMa,taD,TruStrain™"
,2,110.1,2.49,98957,1547.4,0.031088,621.76,20000,155.45,1,"ME-,MV-,WMa,taD,TruStrain™"
,3,110.3,2.21,1.6705E+05,2316.7,452.75,946.93,2.092,232.72,1,"MV-,WMa,TruStrain™"
,4,110.4,1.82,2.196E+05,2506.1,710.14,1183,1.666,251.75,1,"MV-,WMa,TruStrain™"
,5,110.6,1.37,3.1704E+05,2726.4,1187.9,1599.1,1.346,273.88,1,"MV-,WMa,TruStrain™"
,6,110.8,0.846,5.4149E+05,2879.6,2382.4,2428.9,1.019,289.27,1,"MV-,WMa,TruStrain™"
,7,111.1,0.355,9.9671E+05,2223.3,3842.2,4945.4,1.287,223.34,1,"MV-,WMa,TruStrain™"
,8,111.4,0.355,1.3221E+05,294.91,640.88,528.52,0.825,29.625,1,"MV-,WMa,TruStrain™"
,9,111.7,0.274,3.412E+05,586.89,1533,1498.6,0.978,58.956,1,"MV-,WMa,TruStrain™"
,10,112.1,0.0494,1.0794E+06,335.13,6689,1118.5,0.167,33.666,1,"MV-,WMa,TruStrain™"
,11,112.6,0.00633,30227,1.2019,186.3,36.907,0.198,0.12074,1,"MV-,WMa,TruStrain™"
,12,113.1,0.00592,56062,2.0866,234.21,263.1,1.123,0.20961,1,"MV-,WMa,TruStrain™"
,13,113.7,0.00822,83249,4.2996,17.407,522.78,30.034,0.43192,1,"WMa,TruStrain™"
,14,114.5,0.0104,27419,1.7902,83.532,150.67,1.804,0.17984,1,"WMa,TruStrain™"
,15,115.3,0.0107,17542,1.1749,110.15,3.8359,0.035,0.11802,1,"WMa,TruStrain™"
,16,116.3,0.0104,21323,1.398,133.85,5.8811,0.044,0.14044,1,"MV-,WMa,TruStrain™"
,17,117.5,0.0102,21840,1.4032,136.99,8.0592,0.059,0.14096,1,"WMa,TruStrain™"
,18,118.9,0.0101,22503,1.4283,140.59,15.008,0.107,0.14348,1,"WMa,TruStrain™"
,19,120.5,0.0101,21943,1.3875,136.84,16.792,0.123,0.13938,1,"WMa,TruStrain™"
,20,122.3,0.0101,21911,1.3841,135.81,22.585,0.166,0.13904,1,"WMa,TruStrain™"
,21,124.5,0.0101,22036,1.3916,137.48,16.431,0.12,0.13979,1,"WMa,TruStrain™"
,22,127,0.0101,21970,1.3873,136.7,19.142,0.14,0.13937,1,"WMa,TruStrain™"
,23,129.9,0.0101,21805,1.3769,135.49,20.333,0.15,0.13832,1,"WMa,TruStrain™"
,24,133.4,0.0101,22106,1.396,137.8,17.371,0.126,0.14023,1,"WMa,TruStrain™"
,25,137.4,0.0101,23029,1.4543,143.47,18.826,0.131,0.14609,1,"WMa,TruStrain™"
,,,,,,,,,,,
Result:,Amplitude sweep,,,,,,,,,,
,,,,,,,,,,,
Interval and data points:,1,25,,,,,,,,,
Interval data:,Point No.,Time,Shear Strain,Complex Viscosity,Shear Stress,Storage Modulus,Loss Modulus,Loss Factor,Torque,Frequency,Status
,,,,Fundamental,,,,,,,
,,[s],[1],[mPa·s],[Pa],[Pa],[Pa],[1],[µN·m],[Hz],
,1,14.24,0.000101,44349,0.028052,0.013933,278.65,20000,0.0028179,1,"ME-,MV-,taD,TruStrain™"
,2,32.04,0.000153,18781,0.018097,90.679,75.513,0.833,0.001818,1,TruStrain™
,3,49.51,0.000234,18285,0.026849,95.11,64.444,0.678,0.0026972,1,TruStrain™
,4,67.04,0.000357,11803,0.026446,67.142,31.498,0.469,0.0026566,1,"MV-,TruStrain™"
,5,84.53,0.000543,22521,0.076893,138.11,30.779,0.223,0.0077243,1,TruStrain™
,6,102,0.000829,20516,0.10682,127.18,20.996,0.165,0.010731,1,TruStrain™
,7,119.8,0.00126,18468,0.14665,104.85,49.717,0.474,0.014732,1,TruStrain™
,8,137.6,0.00193,17941,0.21724,110.03,24.502,0.223,0.021823,1,TruStrain™
,9,154.9,0.00294,16984,0.3136,104.29,22.586,0.217,0.031503,1,TruStrain™
,10,172.8,0.00448,21479,0.60479,131.41,30.718,0.234,0.060754,1,TruStrain™
,11,190.6,0.00683,24567,1.0549,152.65,22.924,0.15,0.10597,1,TruStrain™
,12,207.9,0.0104,30331,1.986,189.49,20.33,0.107,0.1995,1,TruStrain™
,13,225.8,0.0159,30864,3.0817,192.63,22.37,0.116,0.30957,1,TruStrain™
,14,243.6,0.0242,31844,4.8485,198.99,20.913,0.105,0.48706,1,TruStrain™
,15,260.9,0.037,30915,7.1781,193.05,21.48,0.111,0.72108,1,TruStrain™
,16,278.8,0.0564,31171,11.036,194.58,22.336,0.115,1.1087,1,TruStrain™
,17,296.8,0.0859,30435,16.432,189.44,26.146,0.138,1.6507,1,TruStrain™
,18,314.7,0.131,27393,22.553,168.04,37.252,0.222,2.2656,1,TruStrain™
,19,332.4,0.2,21313,26.759,123.74,51.201,0.414,2.6881,1,TruStrain™
,20,350.2,0.305,14995,28.708,75.974,55.715,0.733,2.8839,1,TruStrain™
,21,368,0.465,10718,31.293,44.939,50.159,1.116,3.1436,1,TruStrain™
,22,385.7,0.709,7830.6,34.862,26.868,41.217,1.534,3.5021,1,TruStrain™
,23,403.1,1.08,5676.2,38.536,15.968,31.89,1.997,3.8712,1,TruStrain™
,24,420.4,1.65,4122.9,42.683,10.146,23.835,2.349,4.2877,1,TruStrain™
,25,438.1,2.51,2992.3,47.241,7.6435,17.178,2.247,4.7456,1,TruStrain™
,,,,,,,,,,,
Result:,Measurement 1,,,,,,,,,,
,,,,,,,,,,,
Interval and data points:,1,15,,,,,,,,,
Interval data:,Point No.,Time,Shear Strain,Complex Viscosity,Shear Stress,Storage Modulus,Loss Modulus,Loss Factor,Torque,Frequency,Status
,,,,Fundamental,,,,,,,
,,[s],[1],[mPa·s],[Pa],[Pa],[Pa],[1],[µN·m],[Hz],
,1,1,0.00998,2.9815E+05,37.406,3710.6,518.87,0.14,3.7576,2,"MV-,WMa,TruStrain™"
,2,2,0.01,20370,2.5598,255.66,12.686,0.05,0.25714,2,"ME-,WMa,TruStrain™"
,3,3,0.01,22172,2.7864,274.54,47.499,0.173,0.27991,2,"WMa,TruStrain™"
,4,4,0.01,20446,2.5745,256.41,16.394,0.064,0.25862,2,"WMa,TruStrain™"
,5,5,0.01,21253,2.68,263.88,41.168,0.156,0.26922,2,"WMa,TruStrain™"
,6,6,0.01,21636,2.7303,270.38,28.553,0.106,0.27428,2,"WMa,TruStrain™"
,7,7,0.01,21220,2.679,263.79,39.015,0.148,0.26912,2,"WMa,TruStrain™"
,8,8,0.01,21285,2.6877,265.77,30.194,0.114,0.26999,2,"WMa,TruStrain™"
,9,9,0.01,21313,2.6914,266.22,29.216,0.11,0.27037,2,"WMa,TruStrain™"
,10,10,0.01,21106,2.6655,262.74,36.262,0.138,0.26776,2,"WMa,TruStrain™"
,11,11,0.0101,21143,2.6703,263.76,32.005,0.121,0.26825,2,"WMa,TruStrain™"
,12,12,0.0101,21323,2.693,265.92,32.964,0.124,0.27053,2,"WMa,TruStrain™"
,13,13,0.0101,21359,2.6975,266.16,34.648,0.13,0.27098,2,"WMa,TruStrain™"
,14,14,0.0101,21295,2.6895,265.61,32.556,0.123,0.27018,2,"WMa,TruStrain™"
,15,15,0.0101,21354,2.6969,265.56,38.553,0.145,0.27092,2,"WMa,TruStrain™"
,,,,,,,,,,,
Interval and data points:,2,95,,,,,,,,,
Interval data:,Point No.,Time,Shear Strain,Complex Viscosity,Shear Stress,Storage Modulus,Loss Modulus,Loss Factor,Torque,Frequency,Status
,,,,Fundamental,,,,,,,
,,[s],[1],[mPa·s],[Pa],[Pa],[Pa],[1],[µN·m],[Hz],
,1,15.1,0.0101,21342,2.6954,265.06,40.803,0.154,0.27076,2,"WMa,TruStrain™"
,2,15.21,0.01,21744,2.7461,271.22,33.216,0.122,0.27586,2,"WMa,TruStrain™"
,3,15.31,0.0101,21140,2.6699,262.9,38.125,0.145,0.26821,2,"WMa,TruStrain™"
,4,15.42,0.01,21529,2.7189,268.42,33.791,0.126,0.27313,2,"WMa,TruStrain™"
,5,15.54,0.01,21541,2.7204,269.35,26.868,0.1,0.27328,2,"WMa,TruStrain™"
,6,15.65,0.01,21694,2.7397,270.73,32.02,0.118,0.27522,2,"WMa,TruStrain™"
,7,15.77,0.0101,21454,2.7096,267.85,30.669,0.114,0.27219,2,"WMa,TruStrain™"
,8,15.9,0.01,21975,2.7752,274.8,27.256,0.099,0.27879,2,"WMa,TruStrain™"
,9,16.03,0.0101,21717,2.7429,271.4,28.664,0.106,0.27554,2,"WMa,TruStrain™"
,10,16.16,0.0101,21087,2.6634,262.89,33.208,0.126,0.26755,2,"WMa,TruStrain™"
,11,16.3,0.0101,21861,2.761,271.98,38.704,0.142,0.27736,2,"WMa,TruStrain™"
,12,16.44,0.0101,22460,2.8366,278.75,44.249,0.159,0.28495,2,"WMa,TruStrain™"
,13,16.59,0.0101,22665,2.8625,281.65,42.345,0.15,0.28756,2,"WMa,TruStrain™"
,14,16.74,0.01,23212,2.9315,288.87,40.434,0.14,0.29448,2,"WMa,TruStrain™"
,15,16.9,0.01,23237,2.9346,289.64,37.066,0.128,0.2948,2,"WMa,TruStrain™"
,16,17.06,0.0101,22853,2.8862,285.31,32.669,0.115,0.28993,2,"WMa,TruStrain™"
,17,17.22,0.0101,22932,2.8962,286.03,35.097,0.123,0.29094,2,"WMa,TruStrain™"
,18,17.4,0.0101,23083,2.9154,287.67,37.271,0.13,0.29286,2,"WMa,TruStrain™"
,19,17.57,0.0101,23078,2.9148,287.86,35.217,0.122,0.2928,2,"WMa,TruStrain™"
,20,17.76,0.0101,23184,2.9282,289.81,29.852,0.103,0.29415,2,"WMa,TruStrain™"
,21,17.95,0.0101,23186,2.9283,289.72,30.976,0.107,0.29417,2,"WMa,TruStrain™"
,22,18.14,0.0101,22945,2.8979,286.17,35.24,0.123,0.29111,2,"WMa,TruStrain™"
,23,18.34,0.0101,23035,2.9093,287.82,30.901,0.107,0.29226,2,"WMa,TruStrain™"
,24,18.55,0.0101,23755,3.0002,296.85,31.525,0.106,0.30138,2,"WMa,TruStrain™"
,25,18.77,0.0101,23732,2.9972,296.85,28.561,0.096,0.30108,2,"WMa,TruStrain™"
,26,18.99,0.0101,23641,2.9858,293.91,43.248,0.147,0.29994,2,"WMa,TruStrain™"
,27,19.22,0.0101,24171,3.0528,301.52,36.632,0.121,0.30667,2,"WMa,TruStrain™"
,28,19.45,0.0101,24484,3.0923,305.07,39.958,0.131,0.31064,2,"WMa,TruStrain™"
,29,19.7,0.01,24902,3.1449,310.13,41.71,0.134,0.31592,2,"WMa,TruStrain™"
,30,19.95,0.01,24950,3.1509,311.58,34.906,0.112,0.31653,2,"WMa,TruStrain™"
,31,20.21,0.0101,24594,3.1062,306.82,37.051,0.121,0.31204,2,"WMa,TruStrain™"
,32,20.48,0.0101,24700,3.1195,307.74,40.426,0.131,0.31338,2,"WMa,TruStrain™"
,33,20.75,0.0101,25129,3.1736,313.9,34.424,0.11,0.3188,2,"WMa,TruStrain™"
,34,21.04,0.0101,25001,3.1575,312.56,31.705,0.101,0.31719,2,"WMa,TruStrain™"
,35,21.34,0.0101,24585,3.1053,307.04,34.27,0.112,0.31194,2,"WMa,TruStrain™"
,36,21.64,0.0101,24994,3.1566,311.53,39.905,0.128,0.3171,2,"WMa,TruStrain™"
,37,21.96,0.0101,25022,3.16,312.8,31.96,0.102,0.31744,2,"WMa,TruStrain™"
,38,22.28,0.0101,24871,3.1411,310.81,32.751,0.105,0.31554,2,"WMa,TruStrain™"
,39,22.62,0.0101,24886,3.1431,310.18,39.868,0.129,0.31574,2,"WMa,TruStrain™"
,40,22.96,0.01,25495,3.2199,318.3,36.511,0.115,0.32345,2,"WMa,TruStrain™"
,41,23.32,0.0101,25391,3.2068,317.24,34.227,0.108,0.32214,2,"WMa,TruStrain™"
,42,23.69,0.0101,25274,3.1921,315.1,39.787,0.126,0.32066,2,"WMa,TruStrain™"
,43,24.07,0.01,25771,3.2546,321.33,40.281,0.125,0.32694,2,"WMa,TruStrain™"
,44,24.47,0.01,25934,3.2752,324.17,33.539,0.103,0.32902,2,"WMa,TruStrain™"
,45,24.87,0.0101,26296,3.3211,328.34,37.281,0.114,0.33363,2,"WMa,TruStrain™"
,46,25.29,0.0101,26030,3.2875,325.15,35.635,0.11,0.33025,2,"WMa,TruStrain™"
,47,25.73,0.0101,25947,3.2771,323.88,37.618,0.116,0.3292,2,"WMa,TruStrain™"
,48,26.17,0.0101,26256,3.3161,327.87,36.947,0.113,0.33312,2,"WMa,TruStrain™"
,49,26.63,0.0101,25924,3.2741,324.31,30.831,0.095,0.3289,2,"WMa,TruStrain™"
,50,27.11,0.01,26955,3.4041,336.17,41.569,0.124,0.34196,2,"WMa,TruStrain™"
,51,27.6,0.0101,26401,3.3345,330.5,28.971,0.088,0.33497,2,"WMa,TruStrain™"
,52,28.11,0.0101,26724,3.3753,333.49,39.529,0.119,0.33906,2,"WMa,TruStrain™"
,53,28.64,0.0101,25653,3.2402,319.53,42.681,0.134,0.32549,2,"WMa,TruStrain™"
,54,29.18,0.0101,23974,3.0278,298.95,37.253,0.125,0.30416,2,"WMa,TruStrain™"
,55,29.74,0.01,26483,3.3445,332.7,8.1763,0.025,0.33597,2,"MV-,WMa,TruStrain™"
,56,30.31,0.0101,23495,2.9679,294.16,25.355,0.086,0.29814,2,"WMa,TruStrain™"
,57,30.91,0.01,26625,3.3623,332.08,40.784,0.123,0.33777,2,"WMa,TruStrain™"
,58,31.52,0.0101,25630,3.2372,319.42,41.31,0.129,0.3252,2,"WMa,TruStrain™"
,59,32.16,0.01,27273,3.4443,342.38,15.231,0.044,0.346,2,"WMa,TruStrain™"
,60,32.81,0.0101,25086,3.1686,314.12,26.585,0.085,0.3183,2,"MV-,WMa,TruStrain™"
,61,33.49,0.0101,27173,3.4318,339.99,31.766,0.093,0.34474,2,"WMa,TruStrain™"
,62,34.19,0.0101,26222,3.3117,326.55,44.071,0.135,0.33267,2,"WMa,TruStrain™"
,63,34.91,0.0101,27239,3.4403,340.83,31.607,0.093,0.34559,2,"WMa,TruStrain™"
,64,35.66,0.0101,24998,3.1579,310.55,47.273,0.152,0.31722,2,"WMa,TruStrain™"
,65,36.42,0.0101,26344,3.3272,330.17,24.07,0.073,0.33424,2,"WMa,TruStrain™"
,66,37.22,0.0101,27173,3.432,339.67,35,0.103,0.34476,2,"WMa,TruStrain™"
,67,38.04,0.0101,26929,3.4011,336.38,36.963,0.11,0.34166,2,"WMa,TruStrain™"
,68,38.88,0.01,27467,3.4688,342.91,39.425,0.115,0.34846,2,"WMa,TruStrain™"
,69,39.76,0.0101,27264,3.4435,340.44,38.53,0.113,0.34592,2,"WMa,TruStrain™"
,70,40.66,0.0101,27472,3.4696,343.49,34.461,0.1,0.34854,2,"WMa,TruStrain™"
,71,41.59,0.0101,27534,3.4774,343.97,37.365,0.109,0.34933,2,"WMa,TruStrain™"
,72,42.55,0.0101,27839,3.5158,347.96,36.131,0.104,0.35318,2,"WMa,TruStrain™"
,73,43.54,0.0101,27702,3.4987,346.53,33.165,0.096,0.35146,2,"WMa,TruStrain™"
,74,44.57,0.0101,27679,3.4957,346.24,33.121,0.096,0.35117,2,"WMa,TruStrain™"
,75,45.62,0.0101,27761,3.5061,347.33,32.554,0.094,0.35221,2,"WMa,TruStrain™"
,76,46.72,0.0101,27299,3.4476,341.91,27.891,0.082,0.34633,2,"WMa,TruStrain™"
,77,47.84,0.0101,26941,3.4029,336.63,36.092,0.107,0.34184,2,"WMa,TruStrain™"
,78,49.01,0.0101,27124,3.4259,339.23,33.22,0.098,0.34415,2,"WMa,TruStrain™"
,79,50.21,0.0101,28218,3.5638,353.29,30.522,0.086,0.35801,2,"WMa,TruStrain™"
,80,51.45,0.0101,27958,3.531,347.91,48.95,0.141,0.35471,2,"WMa,TruStrain™"
,81,52.73,0.0101,27670,3.4948,345.72,37.185,0.108,0.35107,2,"WMa,TruStrain™"
,82,54.05,0.0101,28732,3.6288,358.2,45.317,0.127,0.36454,2,"WMa,TruStrain™"
,83,55.41,0.0101,28325,3.5773,354.61,30.783,0.087,0.35936,2,"WMa,TruStrain™"
,84,56.82,0.0101,27769,3.5074,346.81,38.668,0.111,0.35234,2,"WMa,TruStrain™"
,85,58.28,0.0101,27911,3.5251,349.12,33.677,0.096,0.35412,2,"WMa,TruStrain™"
,86,59.78,0.0101,28007,3.5371,350.34,33.626,0.096,0.35533,2,"WMa,TruStrain™"
,87,61.33,0.0101,27976,3.5332,349.84,34.681,0.099,0.35493,2,"WMa,TruStrain™"
,88,62.93,0.0101,28161,3.5567,351.97,36.762,0.104,0.35729,2,"WMa,TruStrain™"
,89,64.58,0.0101,28255,3.5685,353.55,32.761,0.093,0.35847,2,"WMa,TruStrain™"
,90,66.28,0.0101,27988,3.5347,350.1,33.484,0.096,0.35508,2,"WMa,TruStrain™"
,91,68.04,0.0101,28098,3.5487,351.37,34.804,0.099,0.35649,2,"WMa,TruStrain™"
,92,69.86,0.0101,28069,3.5451,351.07,34.194,0.097,0.35612,2,"WMa,TruStrain™"
,93,71.74,0.0101,28246,3.5674,353.26,34.635,0.098,0.35837,2,"WMa,TruStrain™"
,94,73.68,0.0101,28065,3.5446,351.02,34.149,0.097,0.35607,2,"WMa,TruStrain™"
,95,75.68,0.0101,28186,3.5599,352.72,32.383,0.092,0.35761,2,"WMa,TruStrain™"
,,,,,,,,,,,
Interval and data points:,3,15,,,,,,,,,
Interval data:,Point No.,Time,Shear Strain,Complex Viscosity,Shear Stress,Storage Modulus,Loss Modulus,Loss Factor,Torque,Frequency,Status
,,,,Fundamental,,,,,,,
,,[s],[1],[mPa·s],[Pa],[Pa],[Pa],[1],[µN·m],[Hz],
,1,76.68,0.0101,28057,3.5435,350.6,37.226,0.106,0.35596,2,"WMa,TruStrain™"
,2,77.68,0.0101,28487,3.5978,356.1,36.632,0.103,0.36142,2,"WMa,TruStrain™"
,3,78.68,0.0101,28631,3.6159,358.1,34.812,0.097,0.36324,2,"WMa,TruStrain™"
,4,79.68,0.0101,28575,3.6089,357.33,35.466,0.099,0.36254,2,"WMa,TruStrain™"
,5,80.68,0.0101,28600,3.6121,357.94,32.435,0.091,0.36285,2,"WMa,TruStrain™"
,6,81.68,0.0101,28321,3.5768,354.21,34.479,0.097,0.35931,2,"WMa,TruStrain™"
,7,82.68,0.0101,28371,3.5832,354.72,35.853,0.101,0.35995,2,"WMa,TruStrain™"
,8,83.68,0.0101,28783,3.6351,360.11,33.858,0.094,0.36517,2,"WMa,TruStrain™"
,9,84.68,0.0101,28476,3.5965,356.24,33.815,0.095,0.36129,2,"WMa,TruStrain™"
,10,85.68,0.0101,28536,3.604,356.9,34.782,0.097,0.36204,2,"WMa,TruStrain™"
,11,86.68,0.0101,27125,3.4256,340.78,7.3309,0.022,0.34413,2,"MV-,WMa,TruStrain™"
,12,87.68,0.0101,27440,3.4659,344.45,16.035,0.047,0.34817,2,"WMa,TruStrain™"
,13,88.68,0.01,28685,3.6225,358.59,36.752,0.102,0.3639,2,"WMa,TruStrain™"
,14,89.68,0.0101,28296,3.5736,354.42,28.586,0.081,0.35898,2,"WMa,TruStrain™"
,15,90.68,0.0101,28042,3.5417,350.97,31.622,0.09,0.35579,2,"WMa,TruStrain™"
